unit_order,unit_id,unit_title,P3465,P3473,BWII672,R2536,I344,P3471,P400,P3475,CCCP578,P5881,A4095,L8751,B0022,P3466
1,9f6dc77c-4e12-411e-a829-bd3bb086c12c,Chapter Title,باب بلاد وإيلاد وابراخت,الباب [[الثالث]] الرابع عشر باب مَلك الهند وإيلاذ وبيلاذ,الباب العاشر باب إيلاد وبيلاد وإبرخت,باب مَلك الهند ووزيره بلاذ وجاريته هليث وهو باب الحلم,باب سادرم الملك وبلاد وزيره وصنبت امرأته وهو باب الحلم,باب إيلاد وملك الهند وإبراخت وهو باب الحكم,باب بلار وابرخت,باب ملك الهند وبلاد وإبلاد وبراخت وباب الحلم,باب بلاد وابلاد,باب بلاد وإيلاد,باب ابلاد بلاد وشادرم مَلك الهند,باب إلاد وشادِرِمْ ملك الهند وهوّ الباب التاسع,باب بلاذ وبلاذ,باب إيلاذ وبلاذ
2,27e98ff6-4ed9-4d86-ad7f-b32922f69443,Abstract,,,وهو مثل ما أحقّ الأشياء بالمَلك أن يُلزم بها نفسه ويحفظ بها مُلكه,,,,,,,,,,,
3,af7ade27-12de-4af0-8f1c-19fcb9b13f1a,King Understood Previous Chapter,قال ديشلم الملك لبيدنا الفيلسوف قد سمعت هذا المثل,قال المَلك للفيلسوف قد سمعت هذا المثل,قال المَلك ديشلم مَلك الهند لبيديا الفيلسوف قد †هد مثل الأسد وابن آوى وفهمت معناه,قال المَلك للفيلسوف قد فهمت هذا المثل,قال المَلك للفيلسوف قد سمعت هذا المثل,قال الملك الفيلسوف قد فهمت ما ذكرت من أمر العجل غير ?المشايد ولا الناظر في العواقب,قَال المَلك للفَيْلَسُوف قَد فَهمت مَا ذَكَرْت مِنْ أمْر العَجَلَة غير التَأَنّي وَلَا النَاظِر في العَوَاقِب,قال دشلم ملك الهند لبيدبا الفيلسوف قد فهمت ما ذكرت من أمر أهل *الترات,ثمّ قال الملك للفيلسوف قد فهمت ما ذكرت من أمر العجل غير *المتئد والنظر في العواقب,قال المَلك للفيلسوف قد فهمت ما ذكرت من العَجِل *غير المتأنّي ولا الناظر في العواقب,قال المَلك للفيلسوف قد فهمت ما ذكرت في أمر العجل غير المتّئد ولا الناظر في العواقب,قال المَلك للفيلسوف وقد فَهمت مَا ذكرت من أمر العجل غير المتّئد ولا المتثبت في أَمره,قال ديشلم الملك لبيدنا الفيلسوف قد سمعت مثل العدوّ الذي لا ينبغي أن يغتر بعداويه فإذا اغترّ هلك,قال ديشلم الملك لبيدنا الفيلسوف قد سمعت مثل العدوّ الذي لا ينبغي أن يغترّ بعدوّه فإذا اغترّ هلك
4,8dcbe12c-9ee2-441a-bcfd-901938468ae6,King Asks How To Preserve Rule,فأخبرني بأيّ الأشياء أحقّ الملك أن يكرم نفسه ويحفظ سلطانه ويثبّت ملكه بالحلم أم بالمروءة أم بالشجاعة أم الجود,فاضرب لي ما أحقّ الأشياء للملَك أن يلزم بها نفسه ويحفظ مُلكه ويثبّت سلطانه ويكون ذلك رأس أمره وملاكه,فاضرب لي مثل ما أحقّ الأشياء بالمَلك أن يُلزم بها نفسه ويحفظ بها مُلكه,فحدّثني بأيّ الأشياء أجدر أن يكون المَلك أخذًا بها في حفظ نفسه ومُلكه وثبات سلطانه الحلم أم المروءة أم الشجاعة أم الجود,فحدّثني بأيّ الأشياء أجدر بأن يكون المَلك أحدًا به في حفظ نفسه ومُلكه وثبات سلطانه الحلم أم المودّة أم الشجاعة أم الجود,فأخبرني بأيّ الأشياء أجدر أن يكون الملك أجدى في حفظ نفسه وملكه وثبات سلطانه والذي إذا عمل به كرُم على أهل رعيّته وثبّت ملكه وحفظ أرضه الحلم أم المروّة أم الجود أم الشجاعة,فَأخبرنِي مَا الذي إذا عَمل به الملك كَرُم على رَعيَّتِه وَثبَّت مُلكَه وحفظ رضَاه الحِلم أم المُروءة أم الجرأة أم الجُبن,فأخبرني بما يثبّت المُلك وبما يكرم المَلك ويُتّقى عند رعيّته بالحلم أم المروءة أم الجراءة أم الجود,فأخبرني ما الذي إذا فعله الملك كرُم على رعيّته وثبّت ملكه وحفظه أرضه الحلم أم المروءة أم الحركة أم الجود,فأخبرني ما الذي إذا عمل به المَلك أكرم على رعيّته وثبّت مُلكه وحفظ أرضه الحزم أم العقل أم المروءة أم الأخوّة أم الجود,فأخبرني ما الذي إذا عمل به المَلك كَرُم على رعيّته وثبّت مُلكه وحفظ أرضه الحلم أم المروءة أم الجود أم الجرأة,فأخبرني ما الذي إذا عَمل به الملك كرّم رعيّته وثبّت ملكه وحفظ أرضه الحلم أم المرؤة أَم الجود,فأخبرني بأيّ الأشياء الملك حقيق أن يكرم أهل مملكته ورعيّته ويثبّت ملكه ويحفظ أرضه بالحلم أم بالمروءة أم بالشجاعة أم بالجود,فأخبرني إن رأيت بأي الأشياء الملك حقيق أن يكرم أهل مملكته ورعيّته ويثبّت ملكه ويحفظ أرضه بالحلم أم بالمرؤة أم بالشجاعة أم بالجود
5,2acd9325-47f4-424b-af56-81a990914b6c,Philosopher Prioritizes Ḥilm,قال بيدنا إنّ أحقّ ما يحفظ الملك مُلكه بالحلم وبه تثبت السلطنة والحلم رأس الأمر وملاكه وأجود ما كان في الملوك,قال الفيلسوف ينبغي للمَلك أن يلزم نفسه بالحلم,قال الفيلسوف ينبغي للمَلك أن يُلزم نفسه الحلم,قال الفيلسوف إنّ أحقّ ما حفظ به المَلك نفسه ومُلكه وثبّت به سلطانه وكرّم به نفسه الحلم,قال الفيلسوف إنّ أحقّ ما حفظ به المَلك مُلكه ثبّت به سلطانه وكرّم به نفسه الحلم,قال الفيلسوف إنّ أحقّ ما حفظ به الملك ملكه وأفضل ما هو مدرك ذلك به وثبّت به سلطانه وكرّم نفسه العقل ثمّ الحلم لأنّهما رأس الأمور وملاكهما,فَقَال الفَيْلَسُوف إنّ أوصل ما هو مُدرَك به ذَلك الحلم والعقل لأنّهما رَأس الأمر وَملاكِه,قال الفيلسوف إنّ أفضل ما هو مدرك ذلك به الحلم والعقل لأنّهما رأس الأمور وملاكهما,قال الفيلسوف إنّ أفضل ما هو متدرّك به ذلك للعلم والعقل فإنّهما رأس الأمر وملكه,قال الفيلسوف إنّ أفضل ذلك كلّه الحلم والعقل لأنّهما رأس الأمر,قال الفيلسوف إنّ أفضل ما حفظ به المَلك المَلك مُلكه وثبّت به سلطانه وكرّم به نفسه هو الحلم والعقل لأنّهما رأس الأمور ومالكها,قال الفيلسوف إنّ أفضل ما هو مدرك بذلك الحلم والعقل لأنّهما رَأس الأمور ومَلاكه,قال الفيلسوف إنّ أعظم ما يحفظ به الملك ملكه ويثبّت به سلطانه ويكرم به نفسه ويدرك به مصالحه الحلم والعقل لأ نّهما رأس <الأمور> وملاكها,قال الفيلسوف إنّ أعظم ما يحفظ به الملك ملكه ويثبّت به سلطانه ويكرم به نفسه ويدرك به صالحه الحلم والعقل لأنّهما رأس الأمور وملاكها
6,cfeb5dc5-746b-4222-9e89-04dd7b3a1759,Philosopher Adds Consultation,,ومشاورة العلماء والفضلاء وأجود الأشياء لكلّ أحد الحلم ولا سيّما للملوك ذوو القوّة والقدرة,ومشاورة العلماء وأهل الفضل وأنّ أجود الأشياء لكل أحد الحلم ولا سيّما الملوك ذو القوّة والقدرة والبطش,وحافظ الحلم الكرم ومادّة الكرم مشاورة أهل العقل من ورائه وأهل الرفق والعلم وأفضل الأشياء كلّها وخيرها لكلّ أحد الحلم ولا سيّما للملوك خاصّة,فإنّه حافظ العلم والكرم ومادّة الكرم مشاورة أهل العقل والعلم والرفق بالعلم ومن أفضل الأشياء وخيرها لكلّ أحد الحلم ولا سيّما للملوك خاصًّا *ومشاورة أهل العلم والأمانة لإبانة الرأي لهم,وحافظ الحلم والكرم ومادّة الكرم من مشاورة أهل العقل والعلم والرفق بالعمل وأفضل الأشياء وخيرها وأنفع ما *يستمتع به الإنسان الحلم ثمّ الوزير الصالح الأمين الناصح ولا سيّما للملوك خاصّة,مع مشاورة الوزير اللَبيب الرفيق العالم وأنفع ما يستمتع به النَاس الحلم,مع مشاورة اللبيب الرفيق العالم وأنفع ما يستنفع به الناس الحلم ثمّ للملك خاصّة,مع مشاورة الوزير اللبيب الرفيق العالم وأنفع ما استنفع به الناس الحلم للملك خاصّة,مع مشاورة [[الإ]] الوزير اللبيب العالم وأفضل ما يستمتع به الناس الحلم والعقل لأنّه لا شيء أفضل منه للمَلك وللرعيّة لأنّ الأشياء لا تتمّ إلّا بالعقل ولأنّه صلاح للمؤمن في دنياه وآخرته والحلم لاحق بالعقل,مع مشاورة اللبيب الرفيق العالم وأفضل ما يتمتّع به الناس الحلم ثمّ للمَلك خاصّة,مَع مشاوَره اللبيّب الرفيق العَالم وأفضل مَا يستمع به الناس الحِلم ثمّ للملك خَاصّة,وحفظ مناجاة الحكيم الصالح ومداراته مع مشاورة أهل العلم والرفق والأمانة والحبّ للبريّة في أمورهم,وحفظ مناجاة الحكيم الصالح ومداراته مع مشاورة أهل العلم والرفق والأمانة والحبّ للبّر في أمورهم
7,753a29c5-86bd-4864-bf75-8e435ff8afba,Philosopher Adds Good Wife,,,*** على الرؤيا الصالحة,ومشاورة أهل العلم والأمانة والحبّ لإبانة الرأي لهم والعون على ذلك بالمروءة الصحيحة,والعون على ذلك بالمروءة الصالحة,فإنّه لا شيء أعون لهم منه ومن صلاح المرء في معيشته والمرأة الصالحة الفاضلة الرأي المواتية,لأنَّه لا شيء أعون منه ومن الصلَاح للمَرْء في مَعِيشَتِه المرأة الصالحَة الفاضلة الرأي المُواتيَة,فإنّه لا شيء أعون منه ومن صلاح المرء في معيشته المرأة الصالحة الفاضلة الرأي المؤاتية,فإنّه لا شيء أهون منه ومن صلاح المرء في معيشته المرأة الصالحة الفاضلة الرأي الموافقة,,فإنّ لا شيء أفضل ولا أعرف منه ومن صلاح المرء في نفسه ومعيشته المرأة الصالحة الفاضلة الرأي المواتية,وأنّه لاشئ أفضل ولا أعون منه ومن صلاح المرء في معيشته مشاورة اللبيب ثم المرأه الخالصه الصّالحه الفاضله الرأي المواتية,والعون على ذلك المرأة الصالحة والحلم لاسيّما للملوك,
8,aef82c58-5da0-4dbf-af89-7043dff89c08,Without Advice One Fails,,ثمّ أنّ الرجل إذا كان شجاعًا ولم يكن له حكيمًا يشاوره ويرفعه عن *مثال أهل النقص فإنّ أمره صائر إلى ندامة,ثمّ أنّ الرجل إذا كان شجاعًا ولم يكن له حكيمًا يشاوره ويرفعه عن منازل أهل النقص فإنّه ينهضه من أمر يزغ فيه بجهله ويصير أمره إلى الندامة,فإنّ الرجل وإن كان شجاعًا ماضيًا ثمّ لم يكن حليمًا وكان أهل مشورته أهل نقص وإن ساق القدر إليه في ذلك شيئًا صالحًا وصيّره إلى السرور والغبطة والظفر والفرح فإنّها لا بدّ صائر إلى ندامة وهلكة,فإنّ الرجل وإن كان شجاعًا ماضيًا ثمّ لم يكن له حلم وكان أهل مشورته أهل نقص وإن شان القدر إليه في ذلك شيئًا صالحًا وغيّره إلى الشرور والغبطة والظفر والفرح فإنّه لا بدّ صائر إلى الندامة والهلكة,فإنّ الرجل وإن كان شجاعًا ماضيًا ثمّ لم يكن له حلم وعقل وكان أهل مشورته غير موثوق بهم فإنّه يهضمه اليسير من الأمر حتّى يرى فيه الفسخ والضعف والقبح لجهالته وخطل رأي نصحائه وإن أصاب ظفرًا ولقي رشدًا القدر ساقه إليه فصيّره إلى السرور والغبطة والظفر والفلاح فإنّه صائر إلى ندامة وهلكة عاقبة أمره فيه,فإنّ الرّجُل وإنْ كَان شُجَاعًا لَسْنًا ثُمّ لمْ يَكُن له حِلم فَإنَّه ينهضُه الأمر اليَسير حَائِرًا فيه القَبيح وَالضَعيف لجهَالتِه ويُبطل رأي نصيحَتِه وإن أصاب ظفرًا وكُفي رُشدًا [[وأصاب]] [[حَزْمًا]] صَارَت عَاقبَة أمرِه فيه إلى النَدَامَة,فإنّ الرجل وإن كان شجاعًا ثمّ لم يكن حليمًا عاقلًا وكان مشاوره غير لبيب فإنّه ينهضه الأمر اليسير حتى يرى فيه القبح والضعف بجهالته وخطأ رأي نصحائه وإن أصاب ظفرًا أو لقي رشدًا بقدر شاقه إليه صارت عاقبة أمره فيه إلى ندامة,فإنّ الرجل وإن كان شجاعًا جوادًا ولم يكن حليمًا عاقلًا ومشاورته لغير لبيب فإنّه يبهظه الأمر اليسير حتّى يرى فيه الضعف والقبح بجهالته وخطل رأيه ورأي نصحه وإن أصاب ظفرًا ولقي رشدًا فإنّ القدر ساقه إليه صار عاقبته إلى الندامة,فإنّ الرجل وإن كان شجاعا لم يكن حليمًا عاقلًا وكان مشاوره غير لبيب فإنّه ينهضه الأمر اليسير حتّى يرى فيه الضعف والقبح بجهالته وخطأ رأي أهل نصيحته وإن أصاب ظفرًا ولقي رشدًا فالقدر ساق ذلك إليه وتصير عاقبته إلى الندامة,فإنّ الرجل وإن كان شجاعًا لم يكن حليمًا عاقلًا ويشاور غير لبيب فإنّه ينهضه الأمر اليسير حتّى يرى فيه القبيح والضعف لجهالته وخطأ رأي أصحابه ونصحائه وإن أصابوا ظفرًا أو لقوا رشدًا أساقه القدر إليهم صارت عاقبة أمورهم إلى الندامة,فاِنّ الرجل إن كان شجاعا ثمّ لم يكن حليما عاقلا وشاور غير لبيب فإنّه يبهظه الأمر اليسير حتّى يرى فيه القبح والضعف لجهالته وخَطأ رأي أصحَابه وإن أصابوا ظفرا ولقوا رشدا لقدر شأنه إليهم صَارت عاقبه أمرهم إلى ندامة,فإنّ الرجل وإن كان ذا شجاعة كاملة وبراعة شاملة وسخاء كامل إذا لم يكن مع ذلك حليمًا عاقلًا وعنده ذو مشورة صلح أمره وإن كان مشورته ضعيف غير عارف ولا لبيب فإنّه *يبهظه الأمر اليسير لضعف رأيه وحمالته وخطأ رأي نصحائه وإن أصاب ظفرًا أو رشدًا لم يكن كذلك أصل في البقاء وساءت عاقبته ورجعت إلى الندامة,فإنّ الرجل وإن كان شجاعًا سخيّا ثمّ لم يكن حليمًا عاقلًا وكان مشاوره غير لبيب فإنّه يبهظه الأمر اليسير لضعف رأيه وجهالته وخطأ رأي نصحائه وإن أصاب ظفرًا أو لقي رشدًا لقد ساقه إليه صارت عاقبة أمره إلى الندامة
9,f340fa24-8f0f-43b0-b3de-9c14a00c0bf1,Fortunate King,,,,,,وإذا كان على خلاف ذلك من الفضل ونبل الوزير ثمّ أعانة القضاء,وإذَا كان عَلى خلاَف ذَلك من الفَضْل ونُبل الوزير ثُمّ أعَانَه القضاء أصاب الفَلَاح عَلَى مَنْ خَاصَمَه والغَلبَة لِمَنْ †وأمّاه,وإذا كان على خلاف ذلك من الفضل ومن قبل الوزير ثمّ أعانه القضاء أصاب *الفَلح على من خاصمه والغلبة لمن ناوأه والسرور لمن أخبر به,وإذا كان على خلاف ذلك من العقل ومن نبل الوزير ومراعاته القضاء أصابه القبح على من ناصبه والغلبة لمن ناواه والسرور بما أحزنه,فإذا كان على خلاف ذلك من الفضل أصابه الفلاح على كلّ من يخاصمه والغلبة لكلّ من بارزه,وإذا كان على خلاف ذلك من الفضل ومن نبل الوزير ثمّ أعانه القضاء أصابه الفلح على من خاصمه والغلبة لمن ناوأه والسرور له,وإذا كان على خلاف ذلك من الفضل ومن قبل الوزير ثمّ أَعانه القضاء أصَاب الفَلاح على من خاصمه والغلبة على من ناوأه والسرور لمن أحزنه,وإن كان الملك على خلاف ذلك من الفضل والعقل,وإذا كان الملك على خلاف ذلك من الفضل والعقل
10,a690e635-e537-446f-a33a-915968be6885,Advice Empowers,,,,فإنّ القدر رأس الأمور والمسلّط على الأشياء وأكثر من يُغتبط برأيه العالم المشاور للعلماء,فإنّ القدرة رأس الأمور †والمعلّط على الأشياء وأكثر من يغُتبط برأيه المعلّم المشاور للعلماء,فإنّه رأس الأمور والمسلّط على الأشياء أصاب *الفلح على من خاصمه والغلبة لمن ناوأه والسرور لمن أحزنه وأكثر من يغتبط برأيه العالم المشاور والعلماء,,,,,,,,
11,5d4b775d-0b75-421e-8f53-96bdcd51a80c,Competent Vizier,,وينبغي أن يكون وزير المَلك عاقلًا أمينًا على الأسرار ناصحًا للملوك في سائر الأمور فيعطي المَلك الظفر على قدر خصمائه [وا] والغلبة على أعدائه برأي وزيره,وينبغي أن يكون وزير المَلك عاقلًا أمينًا على الأسرار ناصحًا للمَلك في سائر أمره فيعطي المَلك الظفر والفرج مع من يخاصمه والغلبة على عدوّه برأي وزيره,وإن كان المَلك عالمًا وكان مشاوره حكيمًا عالمًا أمينًا ناصحًا أُعطي العقل والظفر والفلاح ولم يزل في خير وسعادة من الجدّ وظفر بعدوّه ولم يظفر به عدوّه,وإن *كان المَلك عالمًا وكان مشاوره حكيمًا ناصحًا أُعطي الظفر والعقل *والفلاح ولم يزل في خير وسعادة من الجدّ وظفر بعدوّه,وإذا كان الملك عاقلًا وكان مشاوره حكيمًا شجاعًا أمينًا ناصحًا أُعطي الفضل والظفر *والفلح ولم يزل في خير وسعادة من الجدّ ولم يظفر به عدوّه وظفر هو به,,,,,,,وكان مشاوره لبيبًا عاقلًا عارفًا بعواقب الأمور أمينًا على سرّه ناصحًا لملكه ربّما أعانه ما يكون من غرّة العقل على نظام الأمر والفلاح فيما يرومه ويحاوره صعب أو مخاصمة بدو,وكان مشاوره لبيبًا أمينًا على سرّه عالمًا بالأمور ناصحًا لملكه في سائر أموره ثمّ أعانه القضاء أصاب الظفر في كلّ عمل والفلاح على من خاصم والغلبة لمن ناؤه والصلاح في أمره كلّه
12,d6631f74-1a9d-4ffc-bcba-9387a34f8189,Vizier Protects King,,,,ولو أراد أمرًا عسى أن يكون له ضارًّا ولعدوّه نافعًا خلص من ذلك برأي وزرائه وأصاب حاجته,ولو أراد أمرًا غَشّا أن يكون له ضاررًا ولعدوّه نافعًا خلص من ذلك برأي وزرائه وأصحاب حاجته,ولو أراد أمرًا ما عسى أن يكون له ضارًّا ولعدوّه نافعًا خلص من ذلك برأي وزرائه وأصاب حاجته,,,,,,,وإن هو أراد اتّباع هواه ربّما ضرّ نفسه وصاحبه ونفع عدوّه وخلص من ذلك برأي وزرائه وعملهم وظفر بعدوّه وأصاب حاجته,وإن هو أراد اتباع هواه في أمر يضرّه وينفع عدوّه خلص من ذلك برأي وزرائه وعلمهم وظفر بعدوّه وأصاب منه حاجته
13,fd8d4462-daf7-492a-b412-095e28c27d92,King And Vizier Tale Mention,,كما ذُكر من شأن مَلك الهند,كما ذكر †منسان مَلك الهند,كالذي كان بين مَلك الهند ووزيره وهليث امرأته,كالذي كان من المَلك ووزيره في صلبت امرأته,كالذي كان بين سادوم ملك الهند وامرأته إبرخت وإيلاذ صاحب رأيه وسرّه,كما زُعم لَنَا ما كَان بين مَلك الهِند وبين بلَار وَامرَأتِه,كما زعموا أنّه كان بين إبلاد ملك الهند وبراخت امرأته وبلاذ صاحب سرّه ورأيه,كما زُعم لنا ممّن كان بين سادروم ملك الروم وبين إبلاد امرأته وبلاد صاحب سرّه ورأيه,كما حُكي لنا ما كان عن شادارم مَلك الهند وبين إيلاد امرأته وبلاد صاحب سرّه ورأيه,كما زُعم لنا فيما كان بين شادرم مَلك الهند وإيراخت امرأته وإيلاذ صاحب سرّه ورأيه,كما زعم لنا ممّا كان بين شَادرم ملك الهند وبين إبراخت امرأته وإيلاد صَاحَب سرّه وَرأَيه,كما حكي لنا عمّا كان بين شارم ملك ... وامرأته ابراخت وبلاذ صاحب سرّه ورأيه,كما حكي لنا عمّا كان بين شادرم ملك الهند وامرأته ابراخت وبلاذ صاحب سرّه ورأيه
14,fd9e3d9f-169a-41ff-9259-3f9767999d54,King Requests Story,,قال الفيلسوف وكيف كان ذلك,قال المَلك وكيف كان ذلك,قال المَلك وكيف كان ذلك,قال المَلك وكيف كان ذلك [والله] [أعلم],قال الملك وكيف كان ذلك,,قال الملك وكيف كان ذلك,فقال الملك وكيف كان ذلك,قال المَلك وكيف كان ذلك,قال المَلك وكيف كان ذلك,قال الملك وكيف كان ذلك,قال الملك وكيف كان ذلك,قال الملك وكيف كان ذلك
15,a10ec34d-ec0c-43a7-9149-09eb92d8b400,King And Vizier Tale,كالذي زعموا أنّه كان مَلك يُدعى بلاذ وكان له وزير يُدعى إيلاد,قال الفيلسوف زعموا أنّ رجلًا كان يُدعى إيلاذ ورجلًا يُدعى بلاد,قال الفيلسوف زعموا أنّ رجلًا يُدعى بإيلاد ورجلًا آخر يُدعى ببيلاد وكانا من حكماء الزمان,قال الفيلسوف كان مَلك من ملوك الهند عظيم القدر رفيع المنزلة مظفّرًا بأحسن التدبير قائمًا بسلطانه وكان له وزير يُدعى بلاذ,قال الفيلسوف كان رجل من الملوك بالهند عظيم المنزلة مظفّرًا حسن التدبير قائمًا بسلطانه وكان له وزير يُسمّى بلاد,قال الفيلسوف كان رجل من ملوك الهند يسمّى سادوم عظيم المنزلة مظفّرًا حسن التدبير لأمره قائم بسلطانه وكان له وزيرًا يدعى إيلاذ,,,,,,,,قال الفيلسوف زعموا أنّ رجلًا كان يدعى بلاذ
16,2ed22a00-04d0-4269-94ca-2324ac48326e,Pious Vizier,وكان متعبّدًا ناسكًا,وكان رجلّا ناسكًا مجتهدًا في العبادة حسن الخلق,إلّا أنّ إيلاد كان رجل ناسكًا زاهدًا مجتهدًا في العبادة حسن الخلقة والخلق وكان عند المَلك جليل القدر عالي الذكر,,,وكان الوزير ناسكًا مجتهدًا في الطاعة لله وللملك لله وللملك كاملًا في حسن الخلق رفيقًا لبيبًا عليمًا كريمًا عاملًا بالعلم,كان ناسكًا مجتهدًا حَسَن الخُلق لَبيبًا حليمًا كَامِلًا عالِمًا,قال فيلسوف ذُكر لنا أنّ بلاذ كان ناسكًا مجتهدًا حسن الخلق لبيبًا حليمًا عاقلًا كاملًا,قال الفيلسوف أيّها الملك ذُكر لنا أنّ بلادًا كان ناسكًا مجتهدًا حسن الخلق لبيبًا عالمًا كاملًا في جميع خصاله,قال الفيلسوف ذُكر لنا أنّ بلاد كان ناسكًا مجتهدًا في العبادة وكان لبيبًا حسن الخلق حليمًا عليمًا كامل العقل والأدب,قال الفيلسوف ذُكر لنا أنّ إيلاذ كان ناسكًا مجتهدًا حسن الخلق ليّنًا حليمًا حكيمًا كاملًا,قال الفيلسوف ذُكر لنا أن إيلاد كان ناسكا مجتهدًا حسن الخُلق لبيبا حليما كاملا,وكان ناسكًا مجتهدًا لبيبًا حليمًا عالمًا كاملًا في جميع أموره,وكان ناسكًا مجتهدًا لبيبًا حليمًا عالمًا كاملًا في جميع أموره
17,84ad3526-e5cb-41c0-a03a-d233f3b9f2b6,King Dreams,فنام الملك ذات ليلة فرأى في منامه ثمانية أحلام أفزعته فاستيقظ مرعوبًا,فبينما المَلك نائم في غرفة له كانت وفي ذات يوم إذ قام المَلك من منامه مرعوبًا مذعورًا فَزِعًا ثمّ عاد <إلى> نومه ثمّ قام كذلك مرارًا وهو أنّه رأى في منامه ثلاثة أحلام,فبينما المَلك ذات ليلة نائم في غرفته فانتهض من منامه مرعوبًا فزعًا ثمّ تعوّذ ونام فرأى احتلام آخر ثمّ تكرّر ذلك مرارًا وكان رأى في منامة ثلاثة أحلام أراعته,وكان المَلك نائمًا على فراشه فرأى في المنام رؤيا سبع مرّات ثمّ انتبه وعادت إليه,وإنّ المَلك كان نائمًا ذات ليلة على فراش له فرأى في المنام رؤيا سبعة مرار ثمّ انتبه فعادت عليه ثمّ انتبه فعادت عليه ثمّ انتبه فعادت عليه,فبينما الملك ذات ليلة نائمًا على فراش له في غرفة فرأى في المنام رؤيا سبع مرّات يستيقظ عند كلّ مرّة منها ثمّ يفيق فتعاوده في الثانية,فبينَما الملك نائمًا على السّرِير يعني سَرير مُلكِه إذْ رأى في منَامِه ثَمانية أحلام فاستيقَظ عند كلّ واحد منها,فبينا الملك نائمًا ذات ليلة في غرفة له إذ رأى تسعة أحلام ينتبه عند آخر كلّ حلم منها,فبينما الملك نائم إذ رأى ثمانية أحلام يستيقظ عند كلّ حلم,فبينما المَلك نائمًا في غرفة له إذ رأى ثمانية أحلام يستيقظ عند رؤية كلّ منام منها,فبينما شادرم المَلك نائمًا في بعض الليالي إذ رأى ثمانية أحلام يستيقظ عند كلّ منها,فبينما شادرم الملك ذات ليلة في غرفة إذ رَأى ثمانية أحَلام يستيقظ عند كل حُلم مِنهَا,فبينما الملك ذات ليلة إذ رأى في منامه ثمانية أحلام يستيقظ عند كلّ حلم منها,فبينما الملك ذات ليلة نائمًا في غرفة له إذ رأى في منامه ثمانية أحلام يستيقظ عندّ كلّ حلم منها
18,8e64af3b-4400-49a6-8b4c-c3134d7cb974,Dreams,,,,وكان الذي رأى في منامه سمكتين حمراوتين قامتا على أذبابهما وبطّتين قامتا على رأسه وحيّة وثبت على رجليه ورأى أنّ جسده قد خُضّب بالدم وأنه غسل جميع بدنه بالماء ورأى أنّه قائم على جبلٍ أبيض ورأى أنّ على رأسه شبيهًا بالنار ورأى طائرًا أبيض ينقر رأسه,وكان رأى في منامه سمكتين حمراوتين يستقبلانه على أذنابهما وبطّتين طارتا من خلفه فصارتا بين يديه وحيّة ثُنيت على رجليه ورأى جسمه مخضّبًا بالدم وأنه غسل جميع بدنه بالماء ورأى أنّه قائم على خيل أبيض ورأى على رأسه شيء شبيهًا بالنار ورأى طيرًا أبيضًا ينقر رأسه بمنقاره والله تعالى أعلم بالصواب,وكان الذي رأى في منامه سمكتين حمراوتين قائمتين يستقبلانه على أذنابهما وبطّتين طارتا من خلفه فصارتا بين يديه وحيّة دبّت على رجليه ورأى جسمه خُضّب بالدم وأنّه غسل جميع جسمه بالماء ورأى أنّه قائم على جبل أبيض ورأى أنّ على رأسه شيئًا شبيهًا بالنار ورأى طيرًا أبيضًا نقر رأسه بمنقاره,,,,,,,,
19,da5095e2-7788-49f2-8c3b-2dff17f743a9,King Summons Brahmins,فدعى بالبراهمة وهم النسّاك,فلمّا استيقظ جمع الحكماء البراهمة,فلمّا استيقظ جمع البراهمة والعلماء,فلمّا انتبه دعا قومًا من أهل ملّة,فدخلوا عليه وكان نفاهم من بلادهم وقتلهم يُقال,فلمّا استيقظ دعا قومًا من أهل ملّة,فدعا البرهميّين وَهُم النُسّاك,فلمّا أصبح دعا البرهميّين وهم النسّاك,فلمّا أصبح الملك أدعى البرهميون وهم النسّاك,فلمّا أصبح دعا البرهمانيّون وهم النسّاك,فلمّا أصبح دعا بالبرهميّين وهم النسّاك,فلمّا استيقظ دعا البراهميين وَهُم النسّاك,فلمّا أصبح دعا البراهمة وهم النساك,فلمّا أصبح دعا البرهميّين وهم النسّاك
20,2e9987aa-5baa-42f1-bd79-978352ebd9b5,King Had Killed Brahmins,,,,قد كان أفناهم وتتبّعهم حتّى أفناهم وأبادهم عن بلاده وقتلهم يُقال لهم البرهمين فأتوه بعد طلب منه لهم شديد,قد كان أفناهم وتتبّع أهلها حتّى أبادهم فأتوه بعد طلب منه لهم شديد فدخلوا عليه وكان نفاهم من بلادهم وقتلهم يُقال لهم البرهميّون,كان أفناهم وتتبّع أهلهم حتّى أفناهم ونفاهم عن بلاده وملكه وقتلهم يقال لهم البرهميّون †فأتون بعد طلب منه لهم شديد,,,,,,,,
21,34cf964f-0f53-4a51-8f8e-ca7a2e7d68f9,King Has Brahmins Interpret Dreams,ليعبّر عليهم رؤياه فلمذا حضروا بين يديه قصّ عليهم ما رأى,وقصّ عليهم ما رآه وقال لقد رأيت شيئًا منكرًا عجيبًا لم يسمع أحد بمثله وإنّي أحبّ أن تفسّروا لي,فقصّ عليهم ما رأى وقال لهم رأيت منامًا عجيبًا وما أظن أحدًا رأى مثله وأنًي جمعتكم لتفسّره لي ثمّ قصّ عليهم أحلامه,وكان قد اغتمّ وكثرت فكرته ممّا رأى في منامه فسألهم أن يفسّروا له,وكان المَلك قد اغتمّ وذعر وكثرت فكرته فيما رأى في منامه فسألهم أن يفسّروا له رؤياه,وقد كان اغتمّ وذعر وكبرت فكرته فيما رأى في منامه فقصّها عليهم وأمرهم أن يعبّرونها,فَقَصّ عَلَيهم وَأَمَرَهُمْ أَنْ يُعَبِّرُوهَا,وقصّها عليهم وأمرهم أن يعبّروها,فقصّ عليهم وأمرهم أن يعبّروا رؤياه,فقصّها عليهم وأمرهم أن يعبّروها له فإنّ أمرها عظيم,فقصّ عليهم ما رأى وأمرهم أن يعبّروها,فقصّ عليهم مَا رأى وأَمرهم أن يًعبّروها,فقصّ رؤياه عليهم وأمرهم أن يخبروه بتأويلها,فقصّها عليهم وأمرهم ان يعبّروها
22,6a4b0dce-9877-4f08-ad91-7b2fd7ad2510,Brahmins Dramatize Dreams,فقالوا بأجمعهم لقد رأى الملك عجبًا,,فقال كبيرهم أيّها المَلك الرفيع الشأن إنّ منامك هائل الأحلام,رؤياه فقالوا أيّها المَلك ما أشدّ هذه الرؤيا وأعظم ما تتخوّفه منها,فقالوا أيّها المَلك ما أشدّ هذه الرؤيا وأعظم ما يُتخوّف منها,فقالوا له قد رأيت أيّها الملك أمرًا منكرًا معجبًا لم يسمع بمثله فيما مضى وما أشدّ وأعظم ما تتخوّفه منها,فقَالُوا لَه قَدْ رَأَيْت أَيُّها الملك أَمْرًا مُنكرًا معجبًا لم يُسْمَعْ بمثله فيما مَضَى مِن الزمَان وإلى الآن,فقالوا له قد رأيت أيّها الملك أمرًا مقطَعًا منكرًا لم يسمع بمثله فيما مضى,فقالوا له <قد> <رأيت> أيّها الملك أمرًا منكرًا معجبًا لم نسمع بمثله فيما مضى,فقالوا له نعم أيّها المَلك أنت رأيت منكرًا معجبًا لم يُسمع بمثله قطّ فيما مضى,فقالوا له قد رأيت أيّها المَلك أمرًا منكرًا عجيبًا لم نسمع بمثله فيما مضى,فقالوا قد رأيت أيّها الملك أمرا معجبا لم يسمع بمثله فيما مضى,فقالوا أيّها الملك لقد رأيت أمرًا منكرًا فضيعًا لم نسمع بمثله,فقالوا لقد رأيت أيها الملك امرًا منكرًا معجبًا لم نسمع بمثله فيما مضى
23,933a53de-bece-49c0-bac6-184d0b97b1ed,Brahmins Request Delay,فإن أمهلنا سبعة أيّام جئناه بتأويلها,فقالوا أمهلنا سبعة أيّام لنجتمع ونفكّر فيما طلبت ونأتيك بتأويل ذلك,وإنّنا نريد منك المهلة سبعة <أيام> لنأتيك بتفسيره على وثيقة لعلّنا نجد تفسير يدفع عنك ذلك الشرّ العظيم,فإن شئت أيّها المَلك أذنت لنا في الخروج عنك ومناظرة بعضنا بعضًا فيها وقراءة كتبنا وما نجد من التأويل فيها ثمّ نعود إلى المَلك بعد أيّام لنخبره بتأويلها ووجه الخلاص فيها من مكرهها وغمّها,فإن شئت أيّها المَلك أذنت لنا في الخروج عنك ومناظرة بعضنا بعضًا وقراءة كُتُبنا وما نجد من التأويل فيها فنعود إلى المَلك بعد أيّام بتأويلها ونجهد الحيلة في الخلاص من مكروهها وغمّها,فإن شئت أيّها الملك أذنت لنا في الخروج عنك ومناظرين بعضًا بعضًا فيها وقراءة كتبنا وما نجد من التأويل فيها ويكون لبثنا فيما نؤقّته ستّة أيام ثمّ نعود إلى الملك يوم السابع فنخبره بتأويلها ووجدان العمل في الخلاص من مكروهها وغمّها والذي يتخوّف منها,فَإنْ أَحْبَبْت أنْ نَنْطَلِق فَنُفَكّر فيه سِتَّة َأَيّام ثُمّ نَأتِيك فِي اليوم السَّابع فَنُخْبِرُك به وَلَعَلّنَا نَسْتَطيع أنْ نَدفع مَا تتَخَوّف مِنْه فعلمنَا,فإن أحببت أن نتطلّق فنفكّر فيه ستّة أيّام ثمّ نأتيك في السابع فنخبرك به ولعلّنا نستطيع أن ندفع ما نتخوّف منه فعلناه,فإن أردت أن ننطلق فنتفكّر فيه ستة أيّام ثمّ نأتيك في اليوم السابع نخبرك به ولعلّنا نستطيع ندفع ما تتخوّف منه,فإن اخترت أنّا ننطلق فنفكّر فيها ستّة أيام ثمّ نأتيك في اليوم السابع فنخبرك به ولعلّنا أن نرفع عنك وما تتخوّف منها قال لهم,فإن أحببت أن نفكّر فيها ستّة أيّام ثمّ نأتيك في اليوم السابع فنخبرك به فلعلّنا إن استطعنا أن ندفع ما نتخوّف منه,فَإن أحببت أن نفكر فيها ستة أيّام ونأتيك في اليَوم السَّابع فنخبرك ولعلّنا إن استطعنا أن ندفع مَا تتخوف منه فَعلنا,فإن رأيت أن تنطلق إلى النظر لتأويله ستّة أيام ونأتيك اليوم السابع بتأويله ولعلّنا نستطيع دفع ما تكرهه عنك أيّها الملك,فإن أحببّت انطلقنا بأجمعنا وفكّرنا في هذه الرؤيا إلّى ستّة ايّام ونأتيك في اليوم السابع فنخبرك به ولعلّنا أن نستطيع دفع هذا الشرّ عنك
24,08063140-63e8-48bc-82a2-28258d3c66bf,King Grants Delay,قال الملك قد أمهلتكم,فأمرهم بالانصراف وأنظرهم,فرضي المَلك بقولهم,فرضي المَلك قولهم وأذن لهم في الخروج,فرضي بذلك وأذن لهم في الخروج,فرضي الملك قولهم وأذن لهم في الخروج,فقال الملك نَعَم,فقال الملك نعم,فقال الملك نعم,,,قال الملك نعم,قال انطلقوا,قال الملك انطلقوا
25,d00a7af6-fad3-420f-b362-8784ec056822,King Order Brahmins Counsel,,,,,,وقال اعملوا رأيكم فيما تعلمون أنّه يوافقني,فاستعملُوا رَأيَكُم فِيمَا تَعْلَمُون أنَّه يُوافِقُني,فاعملوا برأيكم فيما تعلمون أنّه يوافقني,فاعملوا فيما تعلموا أنّه يوافقني,المَلك الرأي لكم في ذلك بما تعلموا بأنّه يوافقني,فقال المَلك نعم اعملوا برأيكم ما تعلمون أنّه موافق,واعملوا واعملوا برأيكم فيما تعملون أنّه يوافقني,وأتوني بما يسّر من تأويلها واعملوا رأيكم فيما يوافق,وانظروا فيها واعملوا آرائكم فيما تعلمون أنّه يوافقني
26,11a08d12-1592-4366-bf58-92bf6c85b89e,Brahmins Promise Good,,,,,,فقالوا نفعل أيّها الملك,فَقَالُوا نَفْعَل أيُّهَا الملك,فقالوا نعم أيّها الملك,فقالوا نفعل أيّها الملك,,,قالوا نعم,قالوا سمعًا وطاعة لك أيّها الملك,فقالوا نعم أيّها الملك
27,2c8f684b-b9cf-441d-87f8-964a17891ba3,Brahmins See Chance,فخرجوا من عنده ثمّ اجتمعوا في منزل أحدهم وائتمروا بينهم وقالوا قد وجدتم علمًا واسعًا تدركون به ثأركم وتنتقمون من عدوّكم وقد علمتم أنّه قد قتل منّا بالأمس اثنا عشر ألفًا وقد أطلّعّنا على سرّه وسألنا تفسير رؤياه,فمضوا واجتمعوا وقالوا قد وجدتم علمًا وسعيا تذكرون به ثأركم وتنتقمون من عدوّكم,فانطلقوا ليجمعوا رأيهم ثمّ اجتمعوا البراهميّين وقالوا إلى بعضهم قد وجدتم دربًا وسعيًا تدركون فيه هلاك هذا المَلك عدوّكم وتنتقمون منه بأخذ ثأركم,فخرجوا من عنده واجتمعوا فقال بعضهم لبعض إنّ هذا المَلك قد قتل منكم اثني عشر ألف محارب وأباد أهل ملّتنا وخرّب المدائن وقد اطّلعنا على سرّه ووجدنا بذلك عليه سبيلًا لدرك الثأر منه,فخرجوا من عنده فاجتمعوا فقال بعضهم لبعض إنّ هذا المَلك قد قتل منكم اثنا عشر ألفًا وأباد أهل ملّتنا وأخرب المتديّنين منّا وقد اطّلعنا على سرّه ووجدنا بذلك علّة لأخذ الثأر منه,فخرجوا من عنده واجتمعوا فقال بعضهم لبعض إنّ هذا الملك قد قتل منّا إثنا عشر ألف محدث ولم يطل العهد منذ فعل ذلك وأباد أهل ملّتنا وخرّب المتديّنين منّا وقد استمكنّا منه إذ افضى إلينا سرّه وعرفنا فرقه من رؤياه,فخَرَجُوا فاجْتَمعُوا فقَالوا لمْ يَطُل العهد مُذْ قَتَل مِنَّا اثني عَشَر ألفًا وقَدْ اسْتَمكَنّا مِنْه إذا أفضَى إلَينَا سِرُّه وَعَرفنَا فَرقه من رُؤياه,فخرجوا واِجتمعوا وقالوا لم يطل العهد مذ قتل مِنّا اثني عشر ألفًا وقد استمكنّا منه أفضى إلينا بسرّه وعرفنا حرقته من رؤياه,فخرجوا من عنده واجتمعوا وقالوا وقالوا لم نطل العهد منذ قتل منّا *** فرقة من رؤياه,,فخرجوا من عنده ثمّ اجتمعوا فقالوا ما طال العهد منه مذ قتل منّا اثني ألفًا وقد استمكنّا منه فإذ أفضى إلينا بسرّه فرقه من رؤياه,فخَرجُوا مِن عنده واجتمعوا وقالوا لم نطلب العَهد منه منذ قتل منا اثني عشر ألفًا والآن فقد استمكنّا منه إذ أفضى إلينا بسرّه وعرفنا فرقه من رؤياه ولعلّنا نغتنم منه,فخرجوا من عنده واجتمعوا فيما بينهم ثمّ قالوا لم يضلّ العهد منذ قتل هذا الملك منّا اثني عشر ألفًا وقد تمكّنا منه إذ أقضى إلينا بسرّه وعرفنا فرقه من ورائه ورؤياه,ثم خرجوا من عنده فاجتمعوا وائتمروا بينهم وقالوا لم نطل العهد منذ قتل هذا الملك [[منذ قتل هذا الملك]] منّا إثني عشر ألفًا وقد تمكّنا منه إذ أفضى إلينا بسرّه وعرفنا فرقة من رؤياه
28,8961ff85-2d71-4e06-91c1-ae18ac96e12a,Brahmins Plan Revenge,فهلمّوا نغلظ له القول ونخوّفه حتّى يحمله الفرق والجزع على أن يفعل الذي نريد,فخاطِبوه بغُلظ القول حتّى نحملّه على الترقّ على أن يفعل ما تريدون,فخاطِبوه بأغلظ الأقوال ودبّروا أقوال له يكون آخر أمرها هلاك المَلك فلم يقدر إلان يخالفكم على ما تقولون فقالوا له وكيف يكون ذلك,فليجتمع رأيكم على أن نغلّظ له في القول ونجيبه على ما رأى في منامه على تحمله الفرق على أن يصنع ما نقول له,فليجتمع رأيكم على أن نغلظ عليه في القول ونجيبه على ما رأى في منامه بأشدّ ما يُقدر عليه حتّى يحمله الفرق على أن يصنع ما نقول له,ولعلّنا ننتقم منه إن نحن أغلظنا له في القول وأجبناه بما رأى في منامه فيحمله الخوف على أن يتابعنا على ما نريد فندرك بذلك أثآرنا فليجتمع رأيكم على ذلك,ولَعلّنَا نَنْتَقِم مِنْه إنْ نَحْن أغلظنَا علَيه في القَول فحَمله الخوف على أنْ يتبعنَا ما نُريد,ولعلّنا ننتقم منه إن نحن أغلظنا له القول فيحمله الخوف على أن يتابعنا لى ما نريد فنقول له,ولعلّنا ننتقم منه إذا نحن أغلظنا الأوّل فحمله الخوف على أن يتابعنا على ما نريد,,فلعلّنا ننتقم منه إن نحن أغلطنا له في القول فيحمله الخوف على أن يتابعنا على ما نريد,وَإن نحن أغلظنا له في القول فيجلبه الخوف عَلى أن يتابعنا,فلعلّنا أن ننتقم منه إن نحن غلظنا له في القول ونخوّفه فيحمله الخوف على أن يتابعنا على ما نريد,فلعلّنا أن ننتقم منه إن نحن غلّظنا له في القول وخوّفناه فيحمله الخوف على أن يتابعنا على ما نريد
29,7eb05fbc-41e6-4eab-8c36-5c24e8007318,Brahmins Will Order Killings,ونأمره ونقول ادفع إلينا أحبّاءك ومن يكرم عليك حتّى نقتلهم فإنّا قد نظرنا في كتبنا فلم نرى ما يدفع عنك ما رأيت لنفسك وما وقعت فيه من هذا الشرّ إلّا بقتل من نسمّي لك,ونقول له ادفع إلينا أحبابك ومن يكرم عليك حتّى نقتلهم فإنّا قد نظرنا في كُتُبنا فلم نرى لك قدرة إلى أن تدفع عن نفسك الشرّ الذي وقعت فيه إلّا بقتل من نذكر لك,فقال لهم نقول له ادفع لنا خواصّ أحبابك ومن يكرم عليك فإنّ في دمائهم فرج المَلك لأنّنا قد وجدنا في كتبنا ذلك أنّ المَلك ليس له فرج من تلك الشدائد والشرور وتغليب المملكة إلّا بذلك,ونقول له إنّ في هذه الرؤيا قتلك وذهاب مُلكك عنك إلى أعدائك,ونقول له إنّ هذا الذي رأيت فناءك وذهاب مُلكك عنك إلى أعدائك,ونقول له إنّ في هذا الذي رأيت قتلك وذهاب ملكك عنك إلى أعدائك ولن يُدفع ذلك عنك إلّا بقتل من يكون كريمًا من أهلك ووزرائك ونقول له قد نظرنا في كتبنا فلم يُصرف ما رأيت إلّا قُتل من نسمّي لك,فنأمُرُه أنْ يَدفع إلينا مَن يكرم عليه من أهله وَوُزرائِه ونقول له إنّا قد نظرنَا في كتُبِنَا فلم نَجده صَرف مَا رَأيت إلا قتل مَنْ يَنْتمي لك,ونأمره أن يدفع إلينا من كَرُم عليه من أهله ووزرائه ونقول له إنّا قد نظرنا في كتبنا فلم نجد ما يصرف لك ما رأيت إلّا <قتل> ما نسمّي لك,فنأمره أن يدفع إلينا من أهله ووزرائه من يميل إليه ونقول له بأنّا قد نظرنا في كتبنا فنجده لم يدفع عنّا ما رأيت إلّا قتل من نسمّيه لك,,فنأمره أن يدفع إلينا من يكرم عليه من أهله ووزرائه ونقول له إنّا قد نظرنا في كُتُبنا فلم نجد شيئًا يصرف عنك سوء ما رأيت إلّا قتل من نسمّي لك,ونقول له إنّا قد نظرنا في كتبنا فلم نجد شيئا يَصرف مَا رأيت إلّا قتل من نصف لك,فنأمره أن يدفع علينا من يعظم عليه من أهل مملكته ورأيه فنقول له قد نظرنا في كتبنا فلم نقدر على أن نصرف عنك شيئًا إلاّ أن تقتل,فنأمره أن يدفع إلينا من يعظم عليه من أهل وزرائه فنقول له قد نظرنا في كتابنا فلم نقدر ان نصرف عنك شرّ ما رأيت لنفسك إلاّ بقتل من نسمّي لك
30,68127c60-a276-46f1-8583-688539d3aa55,Kings Anticipated Question,فإن قال الملك ومن تريدون أن تقتلوا سمّوهم لي,فإن قال من تريدون قتله,فإن قال من تريدون إليهم تقتلون,,,فإن قال ومن تريدون أن تقتلوا,فإنّ قال من تُريدُون,فإذا قال ومن تريدون,فإن قال ومن تريدون,,فإن قال من تريدون,وإن قال من تريدون,,فإذا قال ومن تريدون
31,09468357-d1aa-4235-9ae3-06368df0ecf5,Brahmins List Of Victims,قلنا نريد الملكة ايراخت أمّ جوير المحمودة أكرم نسائك عليك ونريد جوير أحبّ بنيك إليك وأفضلهم عندك ونريد ابن أخيك الكريم وإيلاد خليلك وصاحب أمرك ونريد كال الكاتب صاحب سرّك وسيفك الذي لا يوجد مثله والفيل الأبيض الذي لا تلحقه الخيل الذي هو مركبك في القتال ونريد الفيلين الآخرين العظيمين الذين يكونان مع الفيل الذكر ونريد البختيّ السريع القويّ ونريد كباريون الحكيم الفاضل العالم بالأمر لننتقم بما فعل بنا,قلنا نريد الملكة إبرخت أمّ جوبر المحمودة أكرم نسائك عليك وأحبّهن إليك ونريد كمال الكاتب صاحب سرّك والببغاء الذي لا يوجد لها مثل والفيل الأبيض الذي لا تلحقه الخيل الذي هو مركبك في القتال ونريد الفيلتان الآخرتان ونريد النجيب القويّ السريع ونريد كبارابرون الحكيم العالم,قلنا نريد الملكة إبرخت وضرّتها أمّ جرير المحمود أكبر نسائك وأكرمهنّ عندك وأحبّهنّ إليك ونريد كمال الكاتب صاحب سرّك †والمينعا الذي ليس له نظير والفيل الأبيض الذي لا تدركه الخيول الكحايل في القتال ونريد الفيلتان السود ونريد النجيب القويّ السريع الجري ونريد الحكيم كباراثرون العالِم,ولن يدفع ذلك عنك إلّا بقتل هليث أم جويبر أكرم نسائك عليك وجويبر ابنها أحبّ بنيك وابن أخيك الكريم عليك وبلاذ وزيرك ودخيلك وكاتبك وصاحب سرّك وكسر سيفك الأعظم أعظم سيوفك قدرًا وأغلاهم ثمنًا وقتل فيلك الأعظم الأبيض الذي هو مركبك والفيلين الآخرين والبختيّ السريع وكينارون الحكيم,ولن يدفع ذلك عنك إلّا <أن> تقتل هلبت أمّ جوبير أكرم نسائك عليك وجوبير ابنها أحبّ بنيك إليك وأكرمهم عليك وبلاد وزيرك ودخيلك وكان كاتبك وصاحب سرّك وكسر سيفك الأعظم أعظم سيوفك قدرًا وأكثرهم ثمنًا وقتل فيلك الذي هو مركوبك والفيلين الآخرين والبختي ّ السريع وكينارون الحكيم العالم,قلنا إبرخت امرأتك وابنها جوبر أحبّ بنيك إليك وأكرمهم عليك وان أخيك الكريم عليك وأيضًا إيلاد وزيرك وصاحب أمرك فإنّه *ذو حيلة وعلم وكال كاتبك ولسانك وصاحب أمرك وسرّك وكسرسيفك الأعظم أعظم سيوفك قدرًا وأغلاها ثمنًا وقتل فيلك الذي هو مركبك وتقاتل عليه والفيلين العظيمين والفرس الذي تركب والبختي الذي تسير عليه السريع وكيدانرون,قلنا إيلاذ امرَأتكم وابنهَا حوىر وَابن أخيك *وبلار صَاحب أمرِك فإنّه ذو حيلَة وَعلم *** وَكَاتبك وَلسَانك وسمعك والفِيل الأبيَض الذي تُقاتِل عَلَيه والفيلَين العَظِيميْن والفَرس الذي تَركبُه والبخْتِيّ الذي تَسِير عليه وكىناىرون العالم,قلنا اِمرأتك براخت وابنها خوين وابن أخيك وبلاذ صاحب أمرك فإنّه ذوا حيلة وغنم كاتبك ولسانك وسيفك والفيل الأبيض الذي تقاتل عليه والفيلين العظيمين والفرس التي تركب والبختيّ الذي تسير عليه وكنانزون الفقيه,قلنا إبلاد امرأتك وابنها حرىر وابن أختك وبلاد بلاد صاحب أمرك فإنّه ذو حيلة وعلم وكاد كاتبك ولسانك وسيفك والفيل الأبيض الذي تقاتل عليه والفيلين العظيمين والفرس الذي تركبه والبختي الذي تسير عليه وكبابرون الفقيه,,قلنا له ايرخت امرأتك وابنها جوبر وابن أختك وإيلاذ صاحب أمرك فإنّه ذو حيلة وعلم وكال كاتبك ولسانك والفيل الأبيض الذي تقاتل عليه والفيلين العظيمين والفرس الذي تركبه والبختيّ الذي تسير عليه وكنانابزون الفقيه لنجعل,قلنا إيراخت إمرأتك وإبنها جوير وابن أخيك وإيلاد صَاحب أمرك فإنّه ذو حيلة وعلم وكال كاتبَك ولسانك وسيفك والفيل الأبيض الذي تقاتل عليه والفرس الذي تركبه والبختي الذي تسيرعليه وكنان ابرون الفقيه,ابزاخت وابنها وجوير وابن أخيك وبلاذ صاحب أمرك وكان الكاتب ونريد سفيك الذي لا يوجد مثله والفيضل الأبيض الذي تقاتل عليه والفيلين المغتملين والفرس الذي تركب عليه والبختر الذي تسير عليه ونريد كبابزونا الفقيه العالم,قلنا نريد أن تقتل ابراخت امرأتك وابنها حويز ابن أخيك وبلاذ صاحب أمرك وكاك الكاتب ونريد سيفك الذي لا يوجد مثله والفيل الأبيض الذي تقاتل عليه والفيلين العظيمين والفرس الذي تركب عليه والبختيّ الذي تسير عليه ونريد كناربزون الفقيه العالم
32,ff9f5b9e-2ba6-411e-aea8-1bbbc8ac8252,King Shall Bath In Blood,ثمّ نقول له إنّما ينبغي لك أيّها الملك أن تقتل هؤلاء الذين سمّيناهم لك ثمّ تجعل دماءهم في حوض تملؤه ثمّ تقعد فيه,ثمّ نقول له ينبغي لك أن تقتل هؤلاء الذين سميّناهم لك ثمّ تجعل دماءهم في أبزن ثمّ تقعد في ذلك الدم,فنذبح هؤلاء المذكورين ونجعل دمائهم في جرن الخيل الكبير ونمزج الدماء بعضها في بعض ويشلح المَلك *نطاق السروال ويقعد في ذلك الجرن ساعة رمل,ثمّ تجعل دماءهم في إناء ثمّ تغمس فيه نفسك,ثمّ تجعل دماءهم في إناء ثمّ نغطّسك فيه سبع مرّات,الحكيم ليجعل دماءهم في أبزن ثمّ نقعدك فيه فتنغطّ فيه سبع مرّات,فنجعل دمائهم في †المدن وتقعد فيه,ليجعل دماءهم في أبزن ثمّ يقعدك فيه,لنجعل دماءهم في أبزن ثمّ نقعدك فيه,,دماؤهم في أبزن ثمّ نقعدك فيه فإذا,لتجعَل دمائهم في إيوان تقعد فيه,لنجعل دماءهم في أبزن لنقعد فيه,لنجعل دماءهم ابزن لتقعد فيه
33,c01c8483-eb0b-4798-a153-4fba91274dc8,King Is Thankful,فلمّا سمع الملك ذلك سجد لكباريون ورجع الي منزله,فلمّا سمع المَلك ذلك فرح فرحًا شديدًا وعظّم الحكيم ورجع إلى منزله,فلمّا سمع المَلك من الحكيم ذلك التفسير مع ما يعهد به من صدقه فرح وزال غمّه وهمّه وسجد بين يدي الحكيم كباراثرون وودّعه وانصرف إلى منزله ودار عزّه,فلمّا سمع ذلك المَلك سجد شكرًا للّه وحمده كينارون العالِم,فلمّا سمع المَلك ذلك سجد لله شكرًا وأحمد كينارون العالم,فلمّا سمع الملك ذلك سجد بين يدي كمابيرون الفاضل العالم وكفّر له وانصرف إلى منزله مسرورًا,فلمّا سمع ذلك الملك كبَّر بَيْن يَدَيْه وسجد له وَرَجع إلى مَنزلِه,فلمّا سمع الملك ذلك سجد بين يدي كبايرون وانصرف,أصرف عنّي ذلك وأشكر كبابرون وإبلاد فيما كان من أمرهما,قال فلمّا سمع المَلك ذلك منه شكره على ما تكلّم به وما فسّره له ورجع المَلك إلى منزله,فلمّا سمع المَلك ذلك سجد بين يديه وانصرف وقال,فلمّا سمع الملك ذلك سجد بين يدي كانابرون العالم الفاضل وانصَرف الملك,فلمّا سمع الملك كلامه أمن على نفسه ممّن كان خائف منه وفرح واستبشر وسجد للحكيم المعبّر سجود تحيّة لا سجود عبوديّة ورجع إلى منزله,فلمّا سمع الملك ذلك سجد لكناربزون ورجع إلى منزله فرحًا
34,9550fc82-d346-4b78-9ec9-bc80014c20ad,King Informs Queen,,,,,,,,,,,,,وقال لزوجته ابزاخت إنّ الحكيم العالم كبارايرون قد قصّ لي ما سرّني,
35,dd90e7ac-8f1e-400d-81bf-e809ce3db2f3,King Awaits Fulfilment,,,,,,وقال إنّ كمابيرون الفاضل الفهم وأنا حقيق أن أنظر فيما قال [[وا]],,وقال إنّي ناظر فيما قال,وقال إنّ كبابرون العالم فاضل الفهم وأنا خليق أن أنظر فيما قال,فقال إنّ كباريون العالم فاضل [[العا]] الفهم فأنا حقيق أن أنظر فيما قال لي,إنّي ناظر فيما قال كنانابزون فلمّا,وقال إني لناظر فيما قال,وإنّي منتظرًا ما قال بعد أسبوع,وقال إنّ كناربزون لفاضل العلم وإنّي على ذلك لناظر فيما
36,77fddd09-c61d-4dbe-b2cf-f33fa5caae13,Gift Receiving Ceremony,فلمّا كان بعد سبعة ايّام جاءت البشائر بقدوم الرّسل فخرج الملك فجلس على التخت وأذن للأشراف وجاءته الهدايا كما أخبره كباريون الحكيم,فلمّا كان بعد سبعة أيّام لبس المَلك تاجه وإكليله وثياب المُلك وأخذ زينته وأحضر أشراف قومه وأتته الرسل والهدايا كما أخبره الحكيم ووُضع ذلك بين يديه جميعه,ثمّ أنّ المَلك من الغداة لبس ثياب مُلكه وأخذ في زينته وضرب ديوان في وجوه دولته وإذ قد أوردت عليه رسل الملوك بالهدايا طبق ما ذكره الحكيم ووُضع كلّ ما ذكره الحكيم بين يدي المَلك,,,ولبس زينته وقعد في مجلسه ودعا العظماء من أصحابه والأشراف من أحبائه وأخصائه وجِيء بالهدايا فوضعت بين يديه,,فلمّا كان لليوم السّابع أخذ الملك زينته وقعد في مجلسه وأذِن للعلماء والعظماء وأتته الهدايا,حتّى إذا كان في اليوم السابع لبس الملك زينته وقعد في مجلسه ودعا بالعظماء والأشراف وجاءته الهدايا فوُضعت بين يديه,فلمّا كان في اليوم السابع لبس المَلك زينته وجلس في مجلسه ودعا بالعلماء والحكماء وأُحضرت الهدايا فوُضعت بين يديه,كان اليوم السابع لبس ثيابه وأخذ زينته وجلس في مجلسه وأذن للعظماء والأشراف فجاءته تلك الهدايا التى قال كنانابزون حتّى وقفوا بين يديهفلمّا,فلما كان في اليوم السّابع لبس الملك ثيابه وأخذ زينته وقعد في مجلسه وأَذن للعُظماء والأشراف فجاءته تلك الهدايا التي قال له كان ابرون حتى وقفوا بين يديه,فلمّا كان اليوم السابع لبس ثيّاب الملك وتزيّن ووضع تاجه وإكليله على رأسه وأحضر أكابر علماء المملكة فأخذوا مجالسهم فلم يلبثوا أن جاءت الرسل والهدايا كما شرح الحكيم كبارايرون,قال فلمّا كان اليوم السابع لبس الملك ثياب زينته وتاجه وقعد على سريره في أكبر مجالسه وأذن لعلماء أهل مملكته فدخلوا عليه وأخذوا مجالسهم فلم يلبثوا أن جاءته الهدايا والرسل الذي أخبره بها كناربزون فوضعت بين يديه
37,fe44b09e-5b51-47af-83fa-eaeaca7fbd22,Gifts Arrive Day By Day,,,,فجعلت الهدايا تختلف إليه كلّ يوم منها فلمّا مضت سبعة أيّام استكمل الهدايا وجاءه كلّ ما وصف له كينارون العالِم,,فجعلت الهدايا التي وصفها له كمابيرون يرد إليه منها في كلّ يوم شيء فلمّا مضت سبعة أيّام استكملت الهدايا وجمعها بين يديه,فجعلَت الهدايا الذي وصف كىناىرون تدِبّ إليه كلّ يوم منها شيء فلَمّا مَضَتْ سَبْعَة أيام استكمل الهدايا وجاءه كُلّمَا وَصَف لَه كينايرون,,,,,,,
38,cc67b425-6f2e-440e-9b19-0396ef49511d,Kings Joy,فلمّا رأى ذلك الملك اشتدّ عجبه وفرحه من علم كباريون,فاشتدّ فرحه العظيم ممّا رآه ولحسن إصابة الحكيم,فلمّا انتهى ما فسّره الحكيم ازداد فرح الملَك وتعجّب من علم الحكيم كباراثرون,فاشتدّ فرح المَلك,واشتدّ فرح المَلك بذلك,وفرح لذلك فرحًا شديدًا,فاشتَدّ فَرح المَلك بذَلك,الرأي والقرابة,منك إعراض,ففرح بذلك فرحًا عظيمًا,رأى المَلك الرسل والهدايا فرح بها,فلمّا رأى الملك الرّسل والهَدايا فرح بذلك,فلمّا نظر إلى حسن تلك الهدايا وجوهر منافعها فرح فرحًا شديدًا,فلمّا رأى الملك أولئك البرد والهدايا اشتدّ فرحه
39,6cd4d2ef-c4f8-4e05-ab11-121bd38deab7,King Regrets Sharing Secret,,,,ولام نفسه على إفشاء سرّه إلى البرهميّين,ولام نفسه على إفشاء سرّه للبرهميين,ولام نفسه وقال لقد عجزت وخرقت حين أفشيت سرّي,فَلَمّا مَضَتْ ولام نفسَه على اِفشاء سرِّه إلى البرهميّين,,,فقال المَلك عند ذلك لقد عجزت حين قصصت رؤياي,,,,
40,55c75ca1-6a77-4362-b61f-8b030087b251,King Regrets Relating Dreams,وقال ما وُفّقت حين قصصت رؤياي على البراهمة فأمروني بما أمروني به,وقال عند ذلك ما وُفّقت عندما قصصت رؤياي على البراهمين حتّى أمروني,وقال في نفسه فإنّي ما وُفّقت عندما قصصت رؤياي على الإبراهيمين حتّى أمروني بما أمروني,,,وقصصت رؤياي على البرهميّين لأنّهم الأعداء السوء الأكياد فأمروني بما لو أطعتهم فيه كانت منه هلكتي في العاجل والآجل,,,[البراهميّون] الأعداء السوء فأمروا بما لو أطعتهم فيه كانت مهلكتي في العاجل والآجل وقال قد عجزت وحزنت حين قصصت رؤياي على البراهميّون وهم,وأفشيت سرّي على البرهمانيّين لأنّهم أعداء سوء ولو أطعتهم فيما أمروني لكان في ذلك هلاكي وهلاك كلّ من يعزّ عليّ,فقال في نفسه لم أُوفّق حين قصصت رؤياي على البرهميّين وأمروني بما أمروني به,وقال في نفسه لم أُوفق حين قَصصت رُؤياي على البراهميين فأَمروني بما أمروني به,وقال ما فوقت كوني قصصت رؤياي على البراهمة,وقال لم أوفّق حين قصصت رؤياي على البرهمييّن فأمروني بما أمروني
41,4163ce17-5fea-41dc-9bc7-41a0dcf16d7e,King Thankful For Queens Advice,ولولا أنّ الله تعالى تداركني برحمته لكنت قد هلكت وأهلكت,فلولا أنّ الله تداركني برحمته لكنت قد هلكت وأهلكت دنياي وآخرتي,فلولا أنّ الله يدركني برحمة منه برأي إبرخت لكنت هلكت وأهلكت معي من يعزّ عليّ وعدمت دنياي وآخرتي,فقال لولا أنّ الله رحمني وتداركني برأي هليث لضاع أمري وذهبت رؤياي,,ولولا أنّ الله يرحمني وتداركني برأي إبراخت لكنت هلكت وضاع أمري وزالت دنياي,وقال لولا أنّ الله رَحَمَني وتَداركَني برأي إيلاذ لَضاع أمري وذَهَبَتْ دُنْيَاي,,ولكنّي أحمد الله الذي أصرف عنّي ذلك وأشكر كبابرون وإبلاد فيما كان من أمرهما ورأيهما وتفريجهما عنّي ما كنت فيه من الهمّ والحزن,لكنّي حمدت الله الذي صرفني عن ذلك وأثنى على كباريون العالم وإيلاد زوجته فيما كان من أمرهما ورأيهما,ولولا أنّ الله جلّ اسمه رحمنى وتداركنى برأي إيراخت كنت قد هلكت وزالت دنياي,ولولا أنّ الله جلّ اسمه رَحمني وتداركني برأي إبراحت كنت قد هلكت وزالت دنياي,ولو لم يداركني الله بزوجتي ابزاخت السيّدة السعيدة حتّى شرحت صدري ووجّهتني إلى الحكيم الفاضل وبشّرني بهذه الهدايا متّ حزنًا وكمدًا,فلولا أنّ الله عزّ وجلّ تداركني ورحمني برأي ابراخت المباركة سيّدة النساء لكنت هلكت وزلت عن دنياي وديني ولذلك ينبغي لكلّ أحد أن يسمع من الاخلّاء وذوي المودّة والنصيحة رأيهم ويقبل في مشورتهم
42,c2d7a93b-d36d-482a-9574-27c6673b0eaf,One Must Consult Right People,وكذلك لا ينبغي لكلّ أحد أن يسمع إلّا من الأخلّاء وذوي العقول,وينبغى للرجل أن يتأنّى في أموره ويشاور من يثق به من أحبّائه وأهله ويقبل مشورتهم,فينبغي للإنسان أن يتأنّي في أموره ويشاور من يثق به من أحبابه وأهله ويقبل مشورتهم وموعظتهم,,فقال المَلك لهذا ينبغي للعاقل مشاورة أهل النصيحة,فكذلك ينبغي للعاقل أن يشاور أهل النصيحة ويسمع من الأخلّاء والأحبّاء وذوي القرابة رأيهم ويقبل مشورتهم,فَلِذَلك يَنبغي للعاقل مُشاورة أهل النصيحة,وقال ينبغي أن لا يُسمع إلاّ من الأخلاّء وذوي الرأي والقرابة فقد ثبت ملكي برأي النصحاء والأخلاّء,,,فلذلك ينبغي لكلّّ أحد أن يسمع من الأخيار والأخلّاء ذوي القرابات رأيهم ويقبل شورتهم فإنّ,فلذلك ينبغي لكلّ أحد ان يسمع من الأخلّاء الأحبّاء وذوي القرابات رأيهم ويقبل مشورتهم,والواجب على ذوي الألباب أن يشاوروا النصحاء وأهل المشقّة من الأقرباء وعرفت قدر أهل مودّتي,
43,4aa0c811-f0fd-450d-b559-a35ddce92d72,Vizir Take Advice All Matters,,,,,,,,,,,فقال إيلاذ له لا يعمل المرء شيئًا من الأشياء صغيرًا أم كبيرًا إلّا برأي أهل المودّة والخير ثمّ,,,
44,7610476d-4153-4938-8b95-28a498ddc34a,Queen Deserves Gift For Good Advice,,,,,,,,,,,,,,
45,f7e6af62-6d6f-4fab-a4fe-f2726847765b,Queens Advice Saved King,وإنّ ايراخت أشارت بالخير فقبِلْتُه ورأيت به النجاح,فإنّ إبرخت أشارت عليّ بالخير من الرأي فقبلته وأصبت به الخير والنجاح وأصلح ذلك مملكتي وقوّتي,فإنّ إبرخت صار لها عليّ جميل لا أطلع من تحته فنعم الرأي رأيها لأنّ فيه الخير والصلاح ونلت به غاية النجاح وانصلح بشورها مُلكي وقوي قلبي وخزُل ضدّي,فإنّ هليث أشارت عليّ بخير وإنّي قبلته واغتبطته وثبّت الله به مُلكي برأي الأخلّاء النصحاء,فإنّ هلبتًا أشارت عليّ بخير وإنّي قبلته واغتبطت به وثبّت الله به مُلكي برأي الأخلّاء والنصحاء,فإنّ إبراخت أشارت عليّ بخير رأيِ فقبلته واغتبطّت به وثبّت الله لي ملكي برأي الأخلاء والنصحاء,فإنّ إيلاذ أشَارتْ عَلَيّ بِخَير وَلَوْ أنّي قَتَلتُه *** وَثبّت الله مُلكي بِرأي الأخِلّاء النُصَحَاء,,,,إيراخت أشارت عليّ ما ارلدى الذي انتفعت به في ثبات مُلكي والذين ترون من الفرح والسرور,فإنّ إبراحت أشارت علي برأي فقبلته واغتبطت به فثبت لي ملكي برأي الأخلّاء النُّصحاء,,فإنّ ابراخت أشارت علىّ بخير رأي فقبلته فأعطى الله به وثبّت مُلكي برأي الاخلّاء والنصحاء
46,9d9f1fe7-d32f-46df-a6a3-f2ee6a54067c,King Appreciates Wise Man,,,,واستبان لي قول كينارون وصدق قوله,واستبان لي قول كينارون العالم وصدقه,واستبان لي فضل علم كمابيرون وصدق قوله وحكمته ودخوله في الأمور الغامضة وما أُعطي من العلم والفهم,واستبَان لي عِلم كنايرون وصدق قولُه,دعا الملك جوبر كاتبه وبلاذ صاحب أمره,مع ما استبان لي من علم كبابرون وحكمته وما أعطي من العقل والعلم,,,وتبيّن لي أيضا علم كنان ابرون وصَدق قوله,واستبان لي فضل الحكيم الفاضل كبارايرون,واستبان لي أيضًا فضل علم كناربزون وصدق قوله
47,24be1e30-0688-4803-97e8-3697738c1840,Gift To Be Distributed To All Victims,,ثمّ أنّ المَلك دعا جوير وإياذ وكمال الكاتب ثمّ قال لا ينبغي أن تدخل هذه الهدايا إلى خزانتي ولكن أقسّمها بينكم أيّها الثقات الذي طبتم أنفسًا على الموت من أجلي,ثمّ إنّ المَلك أدعى بجرير وإيلاد وكمال الكاتب ثمّ قال لهم لا ينبغي أن تدخل هذه الهدايا إلى الخزينة ولكن اقسموها فيما بينكم أيّها الثقاة الذي وطّنتم أنفسكم على الموت من أجلي,ثمّ دعا المَلك هليث وغيرها ممّن كان أُشير عليه بقتله فقال لهم إنّي قد رأيت أن أقسم هذه الألطاف بينكم أيها الموطّنون أنفسهم على الموت بسببي,ثمّ دعا المَلك هلبتًا وغيرها ممّن كان أُشير عليه بقتله بعد أن توافت الهدايا عنده والتمام سبعة أيّام والام فقال لهم إنّي قد رأيت أن أقسّم هذه الهدايا بينكم أيّها المواطؤن أنفسهم على الموت بسببي,ثم دعا الملك بإبراخت جوير وإيلاد وكال الكاتب وقال لهم إنّه لا ينبغي أن ندخل هذه الهدايا إلى خزينتي,ثُمّ دَعَا الملك إيلاذ وغيرَهَا ممّن كَان أشار عَليه بقتله فقال لهُم إنّي قَد رأيت <أن> أقسَّم هذه الهدايا بينَكُم أيُّها المُوطّئون أنفسَهُم على الموت في سببي,ثمّ دعا الملك جوبر كاتبه وبلاذ صاحب أمره وكال الكاتب فقال لهم إنّه لا ينبغي لنا أن نُّدخل هذه الهدايا خزانتنا ولكنّي قاسمها بينكم إذ وطّنتم أنفسكم على الموت في سببي,ثم دعا جرىرًا وإبلاد فقال لهمـا إنّه لا ينبغي لهذه الهديّة أن توضع في خزائننا ولكن أقسّموها,ثمّ دعا ولده جويز وبلاد وقال *لهما لا ينبغي أن تُوضع هذه الهديّة في جرايتي لكن اقسموها,دعا للمَلك بإيراخت وولدها جوبر وكال الكاتب وايلاذ وقال لهم لاينبغى لنا أن ندخل هذه الهدايا خزائننا ولكنّي قاسمها بينكم لأنّكم الذين وطّنتم أنفسكم على الموت في سببي وبرأي,ثم دعا الملك جوير وإيلاد وقال لهم أنّه لَاينبغي أن ندخل هذه الهَدايا خزائننا ولكنّي قاسمها بينكم لأنّكم وطئتم أنفسكم عَلى الموت بسببي,ثمّ استدعى الملك ابنه حوّي وبلاذ وزيره وكاك الكاتب وقال إنّه لا ينبغي لنا أن ندخل هذه الهدايا خزائننا ولكن نقسمها بينكم لأنّكم أنتم الذين وطّنتم أنفسكم على الموت في سببي,ثمّ دعا الملك ابنه جويز وبلاذ وزيره وكاك الكاتب فقال لهم إنّه لا ينبغي لنا أن نُدخل هذه الهدايا خزائننا ولكن نقسمها بينكم لأنّكم أنتم الذين وطّنتم أنفسكم على الموت في سببي
48,87747a75-5c24-41fe-a5ef-7483b1c08af2,Queen Is Especially Deserving,,ولا سيّما إبرخت التي أشارت عليّ فأعقب مشورتها ما ترون,ولا سيّما إبرخت التي أشارت عليّ بذلك الشور الحميد فأعقبني من مشورتها التي ترون,,,,,,بين إبلاد التي أشارت عليّ ونصحتني وبين بقيّتكم الذي كانوا شركائي فيما كنت,بين إيلاد التي أشارت عليّ ونصحتني وبين بقيّتكم الذين كانوا شركائي فيما كنت فيه,إيراخت التي أشارت عليّ بالرأي الذي انتفعت به في بقاء مُلكي,وبين ابراحت الذي أشارت عليّ بالرّأي الذي انتفعت به في بقاء ملكي والذي ترون من الفرح والسّرور,ولا سيّما إبزاخت التي جادت بنفسها وبذلت نصحها وهي التي كانت السبب لبقاء ملكي,ولا سيّما ابراخت التي أشارت عليّ بالرّأي الذي أعقب بقاء ملكي والذي ترون من الفرح والسرور
49,6b99c851-8112-445f-855e-8957516332c0,Subjects Depend On King,,,,قال بلاذ أيّها المَلك إنّه لا ينبغي أن تحمدنا على إسلامنا أنفسنا دونك لأنّ قوامنا إنّما هو بك,قال بلاد أيّها المَلك لا ينبغي لنا أن نجهد أنفسنا على إسلامنا إيّاها دونك لأنّ قوامنا إنّما هو بك,,قال بَلار أيُّها الملك لا يَنبغي لك أنْ تَحمد أنفسَنَا على اِسلامنَا إيّاها دُونَك لأنّ قوامَنا إنّما هُو بك,,,,,,,
50,806fb37a-bb06-465c-b567-23b1efada025,Subjects Dont Expect Reward,,فقال إيلاذ إنّه لا ينبغى لنا معاشر العبيد أن نعجب بما كان منّا في ذلك,فقال إيلاد أيّها المَلك لا ينبغي لنا معاشر العبيد أن نعجب بأنفسنا من أجل كلام بدا منّا,,,,,,فقال له بلاد لا ينبغي لنا معشر العبيد أن يعظم في أعيننا الذي كان منّا فيما وطنّا أنفسنا من التماس مؤازرة الملك وموافقته,فقال بلاد لا ينبغي لنا معاشر العبيد أن يذكر †غهنا فيما وطنّا فيه أنفسنا في موافقة المَلك,,فقال إيلاد إنّه لَا ينبغي لنا معَاشر العبيد أن ندنوا منهما,قال بلاذ إنّا لا ينبغي معشر العبيد أن نعجب بما كان منّا في ذلك,قال بلاذ أنّه لا ينبغي لنا معشر العبيد أن تعجب بما كان منّا في ذلك
51,1176d826-9784-4ee1-a676-cd36be1c79b8,Subjects Must Sacrifice For King,,لا ينبغى لكلّ أحد منّا يسلّم نفسه للموت دون مَلكه وإنّه متى لم تطب تطب نفسه بذلك فما وافاه مَلكه حقّه وليس ذلك بإنسان كامل,لأنّه ينبغي لكلّ عبد أن يفدي روحه بإصلاح أمور سيّده وإنّما أن ما طابت نفسه لذلك فيكون ما وفّى حقّ خدمته وليس يكون إنسان كامل وأمّا هذه العطيّة فلا ينبغي لنا معاشر العبيد <أن> نتقاسمها ولا نطمع فيها,,,,,,وأيّ امرئ [لا] يتجشّم ذلك لملكه وذوي قرابته فإن لم يفعل ذلك لم يكمّل أخاه ولم يستقم طريقه فلا يكونّن على <الملك> ما كان منّا في ذلك عجب,لأنّ ذلك فرضًا علينا لازمًا وحقًّا واجبًا ولا يكثر على الملك ما كان منّا في ذلك,,,وأيّ عبد لا ينبغي أن يسلّم نفسه فداء سيّده فإنّ الذي لا تطيب نفسه بالموت فداء سيّده ليس بكامل الحلم فلا تعجبنّ أيها الملك إن أسلم عبد نفسه إلى الموت مكان سيّده الذي شرّفه وكرّمه وفي بقائه بقاء نفسه وبقاء النعمة عليه,وأي عبد لا ينبغي له أن يسلّم نفسه فداء مليكه للموت فإنّ الّذى لا تطيب نفسه بالموت فداء الاخلّاء ليس بكامل الحلم فلا تعجبن أيّها الملك إن أسلم عبد نفسه إلى الموت مكان مليكه الّذى شرّفه وكرّمه وفي بقائه بقاء النعمة عليه
52,bb9bec12-e08f-4a48-af24-1cc85c9d57d7,Vizier Rejects Gift,,وأمّا هذه العطيّة فلا ينبغي لنا معاشر العبيد أن نتقاسمها ولا نطمع فيها فأمّا أمّ جزبر وولدها فإنّ ذلك لهما بوجه حقٍِّ فلياخذ منهما ما يرى المَلك,فأمّا أمّ جرير وولدها فإنّ ذلك لهما بوجه الحقّ فلتأخذ منها ما يرى المَلك برأيه وليكون شطر الآخر لإبرخت,وأمّا الهديّة فإنّها ليست تصلح لنا وإنّما هي للملوك وليس تصلح إلّا لهم,وأمّا الهدايا فإنّها ممّا ليس تصلح لنا وإنّما هي للملوك ولا تصلح إلّا لهم,,فأَمّا الهدايا فإنّها ليس ممّا يَصلح لنَا وإِنَّمَا هِي للملوك وإن <لا> تَصلُح إلّا لَهُم,,لم يكمّل أخاه ولم يستقم طريقه فلا يكونّن على,فإنّه لا يجمل بنا أن نتناول هذه الهديّة ولا غرّت بها أنفسنا غير جويز ابن المَلك فإنّه أهل لما أعطاه المَلك منها,فقال إيلاذ إنّه لاينبغي لنا معشر العبيد أن ندنو من هذه الهدايا فأمّا جوبر ابنك فهو لها أهلًا فليأخذ ما أعطيتموه,فأمّا جوبر ابنكم فهو لها أَهل فليأخذ ما أعطيتموه,فأمّا هذه الهدايا العظيمة فإنّه لا ينبغي لنا معشر العبيد أن ندنوا منها وأمّا حوي فإنّه خليق بها ولائق بها,فأمّا هذه الهدايا العظيمة فإنّه لا ينبغي لنا معشر العبيد أن ندنوا منها فأمّا جويز فإنّه ولدكم فليأخذ ما أعطيتموه
53,58a2d55c-3b07-4353-97cb-1c16c2e8bfaa,King Instists Giving Gift,,قال المَلك لا تحملوا الأمر في ذلك على ضدّ ما في نفسي ففى قبول قولي خيرًا كثيرًا وخذ نصيبك يا إيلاذ تقرّ به عينك,قال المَلك لا تحملنّ الأمر في ذلك على ضدّ ما عندي فيه ففي قبول قولي خيرًا كثيرًا فلا تظنّوني يا إيلاد أقول لك توجهنًا بل من صميم خاطري فخذ منه نصيبك وقرّ به عينك,قال المَلك إنّي أريد أن أطعمك ثمرة صبرك وتوطينك نفسك على الهلاك دوني أنت ومن معك من أصحابك وقد آليت أن لا أدخل هذه الألطاف خزائننا حتّى يأخذ كلّ واحد منكم حصّته,قال المَلك فإنّي أريد أن تأكل ثمرة عملك وصبرك وتناسيك على الهلاك دوني يا بلاد أنت ومن معك من أصحابك وقد آليت أن لا أدخل هذه الألطاف خزانتي حتّى يأخذ كلّ واحد منكم حصّته منها,حتّى يأخذ منها كلّ واحد منكم حصّة وإنّه قد شاع لنا من هذا الأمر في البلاء ذنبًا عظيم حسن وخير كثير واضطرب منه ما قد علمتم وأنت حقيق يا إيلاد أن لا تحتشم من أخذ ما أكرمتك به من هذه الهديّة وأن تقبض نصيبك منها وتقرّ به عينًا ويفرح به صديقك ويسوء به عدوّك,فقال الملك فإنِّي أُريد أنْ تأكل ثَمرة صبرِك وتوطينِك نفسِك على الهلاك دُونِي يا بَلار أنت وَمَنْ مَعَك مِنْ أصحَابِك وَقَدْ آليت أنْ لا أُدْخِلْ هَذِه الألطاف خزائنَنا حتّى يَأخُذ كُلّ واحد منكُم حصَّتَه,,قال الملك إنّه قد شاع هذا الأمر في البلاد ما اضطربت منه وأنت خليق يا بلاد ألاّ تحتشم من أخذ ما أكرمك به لفضلك على جميع أهل مملكتي وأن تأخذ من هذه الهديّة ما تقرّ به ويفرح به صدرك ويساء <به> عدوّك,فقال له المَلك إنّه قد شاع من هذا الأمر في البلاد واضطرب منها ما قد سمعتم وعلمتم فـأنت حقيق يا بلاد أنّك لا تحتشم من أخذ ما أكرمتك به من أفضل هذه الهديّة وتقرّ أعيننا بذلك فيفرح بذلك صديقك ويسوء ذلك عدوّك,فقال المَلك قد شاع لنا في البلاد من هذا ثناء حسن وخير كثير فلا تحتشم يا إيلاذ وخذ نصيبك وقرّ به عينًا,فقال الملك إنّه قد شاع لنا في هذا ثناء حسن وخير كثير فلا تحتشمنّ إيلاد وخذ نصيبك وقرّ به عينا,فقال الملك إنّه قد شاع لنا في هذا الأمر ذكر عظيم وفخر جسيم فلا *تحتشمنّ يا بلاذ وخذ الذي يصيبك وقرّ به عينًا,فقال الملك أنّه قد شاع لنا في هذا الأمر ذكر عظيم وفخر كثير فلا تحتشمنّ يا بلاذ وخذ الّذي يصيبك فقرّ به عينًا
54,e854be9e-6c77-4bc5-9f6c-948d78538e39,Vizier Accepts Gift,,فقال إيلاذ فليكن ما أحبّ المَلك لكن أرى أن يبدأ المَلك بأخذ ما يختار ثمّ يبدأ بالنساء ويتبع بعد ذلك بمن أراد,فقال إيلاد فليكن من ذلك ما تختار,قال بلاذ فليبدأ الَملك فليأخذ ما يصلح به ثمّ يرى في الباقي رأيه,قال بلاد فليبدأ المَلك فيأخذ ما لا يصلح إلّا له ويرى في الباقي رأيه,قال إيلاد أمرنا لرأي الملك تبع فليصنع ما بدا له وليتدبّر الملك فيأخذ ما لا يصلح إلّا له ويرى في الباقي رأيه,قال بَلار فَليبدأ الملك فليأخذ مَا لا يَصْلُح إلّا لَه وَيَرَى في الباقي رَأيَه,,أهل مملكتي وأن تأخذ من هذه الهديّة ما تقرّ,قال بلاد أنا برأي المَلك فليصنع بي ما بدا له,فقال إيلاذ ليكن من ذلك ما أحبّ المَلك وليبدأ بأخذ ما يريد,فقال إيلاد ليكن مَا أحبّ الملك أن يبدأ بأخذ مَا يريد فليفعل,قال بلاذ ليهب الملك ما يريد وإن يرى أن يختصّ أوّلًا بشيء *فليفعل,قال بلاذ ليكن من ذلك ما أحبّ الملك السعيد ولكن إن رأي الملك أن يبدأ بأخذ ما يريد أولًا فليفعل
55,d250f31b-d354-429f-8a3d-adc7d8ea7b64,Men Receive Their Gifts,,فأخذ الملَك الفيل الأبيض وأعطى كمالًا الفرس وبعث إلى الحكيم كىاراىرون ما يصلح له من تحف الملوك وأمر,ثمّ بدأ بالنساء وأتبع ذلك من أراد بما أراد فأخذ المَلك الفيل الأبيض وأعطى كمال الفرس وبعث إلى كباراثرون الحكيم ما يصلح له من تحف الملوك,فأخذ المَلك الفيل الأبيض والفيلين الآخرين وأعطى جويبر ابنه أحد الفرسين وأعطى بلاذًا السيف وأعطى الكاتب الفرس الآخر وبعث إلى كينارون ثياب الكتّان,فأخذ المَلك الفيل الأبيض والفيلين الآخرين وأعطى جوبير ابنه أحد الفرسين وأعطى بلاد السيف وأعطى الكاتب الفرس الآخر وبعث إلى كينارون ثياب الكتّان,فأخذ الملك الفيل الأبيض لنفسه وأعطى جوير ابنه أحد الفرسين وأعطى إيلاد السيف الخالص من الحديد المعدوم الوجود وأعطى كال كاتبه الفرس الآخر وبعث إلى كمابيرون العالم الفاضل بلبس الكتّان التي تلبسها الملوك,فَأَخَذ المَلِك الفِيْل الأبيض والفِيلَين الآخرَين وأعطى جوبر ابنَه أحَد الفَرسَين وأعطى بَلار السيف وأعطى الكاتب الفَرَس الآخَر وَبَعَث إلى كىىاىرون بالثياب الكتَّان,فأخذ الملك الفيل الأبيض وأعطى جوبر أحد الفرسين وأعطى بلاذ السيف الخالص الحديد وأعطى كال الفرس الآخر وبعث إلى كبايرون بلباس الملوك,الملك الفيل الأبيض لنفسه وأعطى جرىرًا ابنه وكاتبه الفرسين بسرجيهما فأخذ وأعطى بلاد السيف وأرسل إلى كبابرون الثياب الكتّان,قال فأخذ المَلك الفيل الأبيض لنفسه وأعطى جويز أحد الفرسين وأعطى بلاد السيف وأعطى كباريون الثياب,فأخذ المَلك الفيل الأبيض وأعطى جوبر أحد الفرسين وأعطى إيلاذ السيف الخالص الحديد وأعطى الكاتب الفرس الآخر وبعث إلى كنانابزون الثياب الكتّان التي تلبس الملوك,فأخذ الملك الفيل الأبيض وأعَطى جوير أحد الفرسين وأعَطى إيلاد السّيف الخالص الحديد وأعَطى كامل الفرس الآخر وبعث إلى كان ابرون بالّلباس الذي يلبس الملوك,فأخذ الملك <الفيل> الأبيض وأعطى ابنه أحدى الفرسين وأعطى إبلاذ السيف الخالص وأعطى كاك الفرس الآخر وأعطى كبارايرون لباس الكتّان ممّا يلبس الملوك وأكرمه على ذلك بعطاء جزيل من عنده وأعطى البازين بن أخيه الكريم عليه,فبدأ الملك فأخذ الفيل الأبيض ثمّ أعطى ابنه جويز إحدى الفرسين وأعطى بلاذ السيف الخالص الحديد وأعطى كاك الكاتب الفرس الآخر وبعث إلى كناربزون بالثياب الكتّان التي تلبس الملوك وأكرمه بكرامة جزيلة وأعطى البازين ابن أخيه الكريم عليه
56,860494d9-8e95-4696-a8ad-6aef23fbdf01,Queen Shall Choose Gift,فضعوا الهديّة بين يديها تأخذ منها ما اختارت فوُضِعت الهديّة بين يدي ايراخت,المَلك أن تُحمل باقي الهدايا إلى مجلس النساء فحُمل وأُحضر إبرخت وأمّ جوبر فجلسا بين يديه ثمّ خيّر إبرخت بين الإكليل والكسوة لتأخذ أيّهما شاءت,قال المَلك أمّا الإكليل والثياب فاحملوها إلى مجلس النساء ففعل وأحضر إبرخت وأم جرير فأتياه وخضعا بين يديه ثمّ أنّ المَلك خيّر إبرخت بين أن تأخذ الإكليل أو الكسوة,وأمّا الإكليل والثياب التي لا تصلح إلّا للنساء فإنّه أمر بلاذ بين يديه فقال يا بلاذ ضع الإكليل والثياب من يدي هليث فلتأخذ أيّها شاءت,وأمّا الإكليل والحلّة التي لا تصلح إلّا للنساء فإنّه أمر بلاد أن يُوضع الإكليل والحلّة بين يدي هلبت فلتأخذ أيّها شاءت,وأمّا الإكليل وسائر اللباس التي لا تصلح إلّا للنساء فإنّه أمر إيلاد أن يحملها ويلحق به إلى مجلس النساء فدعا الملك إبراخت وهي إيلاد وجورقناه أكرم نسائه فجلسا بين يديه فقال لإيلاد ضع الإكليل والكسوة بين يدي إيلاد وأمرها أن تأخذ أيّها شاءت,وأمَّا الإكليل والثِّيَاب التِي لا تَصْلُح إلا للنساء فإنّه أمَر بلار بين يَديه فقال يا بَلار ضَعْ الإكليل بين يَدَيّ إيلاذ فَلتَأْخُذْ مِنْهَا ما شَاءَتْ,وأمّا الإكليل وما شابهه فإنّه يصلح للنساء فقال لبلاذ خذ الثياب والإكليل فامض به إلى النساء ودعا الملك إبرخت وجورفىاه فجلسا بين يديه قال الملك لبلاذ ضع الإكليل والكسوة بين يدي إبرخت فليأخذ أيّها شاءت,وأمر بلاد بحمل ما بقي واتّباعه به إلى مجلس نسائه ففعل ذلك فدعا الملك إبلاد وحرقتاه امرأتيه فقعدتا بين يديه فوضع الإكليل والكسوة بين يدي إبلاد وأمرها بالاختيار,وأمر بلاد أن يحمل ما بقي إلى مجلس نسائه ودعا الملَك إيلاد وحرفناه إمرأتاه جميعًا فجلستا بين يديه فوضع الإكليل والكسوة بين يدي إيلاد وأمرها بالاختيار,أمّا الإكليل وسائر اللباس ممّا كان يصلح للنساء فقال يا إيلاذ خذ الإكليل وسائر اللباس فاحمله معي واتبعني إلى مجلس النساء فلمّا انطلق إليه دعا بإيراخت ومساميتها فجلستا بين يديه وقال يا إيلاذ ضع الكسوة بين يدي إيراخت فلتأخذ أيّها شاءت,وَأمَّا الإكليل وسائر اللباس ممّا كان يصلح للنّساء قال لإيلاد خذ الإكليل والثياب فاحملها معي واتبعني إلى النساء ففعل ذلك وحمل الجميع معه إلى النساء فدعى الملك إبراحت وكورفيا فجلستا بين يديه قال يا إيلاد ضع الكسوة بين يدي إبراحت فلتأخذ أيّها شاءت,وأعطى الإكليل واللباس الجلد †حوان لإبزاخت ويقال إنّه أخذ الإكليل ودفعه إلى بلاذ وقال احمل هذا بين يديك إلى مجلس الحريم فلمّا حمله بلاذ دخل الملك أحضر النساء وقدّم إبزاخت أن تأخذ وأمر أن تأخذ منها ما شاءت,وقال أمّا الإكليل وسائر اللباس فإنّه يصلح للنساء فقال لبلاذ خذ الإكليل والثياب فاحملها واتبعني بها إلى مجلس النساء ودعا الملك ابراخت وحورفتاه فجلستا بين يديه فقال لبلاذ دع الكسوة والإكليل بين يدي ابراخت لتأخذ أيّها شاءت
57,a9104483-f46f-49df-bae1-6a97f57bbbd5,Hesitating Queen Looks At Vizier,,فنظرت إلى إيلاد مسارقة كالمستشيرة له أيّها تأخذ,فنظرت إبرخت فيهم ورفعت نظرها لإيلاد كالمستشيرة له أيّهما تأخذ,فلمّا رأت هليث كلاهما عجب في منظره نظرت إلى بلاذ ليريها أيّها تأخذ,فلمّا رأت هلبت أنّ كلاهما معجِب في منظره نظرت إلى بلاد ليريها أيّهما أفضل,فلمّا رأت هليب أنّ كلاهما عجِب في منظره فلم تدر أيّهما تأخذ فنظرت إلى إيلاد ليشير عليها,فلمّا رَأَتْ إيلاذ أنّ كِلَاهُمَا عَجَب في مَنْظَرِه نَظَرَتْ إلى بَلار ليُرِيهَا أيُّها أَفضَل,فلمّا نظرت إبرخت إلى الإكليل وحسنه نظرت إلى بلاذ ليشير إليها أيّهما أفضل,فلمّا رأتهما أعجبتاها فلم تدر أيّهما تأخذ فنظرت إلى بلاد ليشير عليها,فلمّا رأتهما إيلاد أعجبت بهما وتحيّرت ولم تدر أيّهما تأخذ فنظرت إلى بلاد ليشير عليها برأيه,فلمّا نظرت إيراخت إلى الإكليل والثياب وأعجبها منظرها ولم تدر أيّهما تأخذ فنظرت إلى إيلاذ بمؤخّر عينها ليريها أيّهما أفضل,فلما نظرت إبراحت إلى الإكليل وعجبه نظرت إلى إيلاد بمؤخر عينها ليريَها أيّهما أفضل,فنظرت إبزاخت ورأت كلّ ذلك سنّيًا فنظرت إلى بلاذ وغمزته أن يشير عليها ماذا اختاره,فلمّا رأت ابراخت أنّ كليهما معجب نظرت إلى [[ابراخت]] بلاذ بمؤخر عينها ليريها أيّها تأخذ
58,f1b398ae-34dd-4c4c-9293-fc19f92d0e80,Vizier Shows Dress King Notices,,فأشار إيلاذ نحو الثياب فحانت من المَلك التفاتة فرأى إيماء إيلاذ نحو الثياب,فأشار إيلاد أن تأخذ الثياب فحانت من المَلك التفاتة فرأى إيلاد يشير نحو الثياب,فأراها بلاذ الثياب وأشار عليها تأخذها فحانت من المَلك التفاتة فرأى إيماء بلاذ إلى هليث,فأراها بلاد الثياب وأشار عليها بأخذها فحانت من المَلك التفاتة فرأى إيماء بلاد إلى هلبت فلمّا رأت هلبت أنّ المَلك قد أبصر إيماء بلاد إليها,فغمزها إيلاد بالكسوة بمؤخّر عينه فرفع الملك رأسه فرآه فلمّا ظنّت هليب وهي إبراخت أن الملك قد أبصر غمزها بعينيه,فَأَراهَا بَلار الثياب وَأَشار إليْهَا بِأَخْذِهَا فَحَانَتْ مِن الملك التفاتَة فَرَأى إيماء بلار إلى إيلاذ فَلَمَّا رَأَتْ إيلاذ أنّ الملك قد أبصر إيماء بلار إلى إيلاد [إليها],فأراها بعينه فأبصر الملك إيماءه,فغمزها على الكسوة ورفع الملك رأسه فلمّا رأته ظنّت أنه فطن لها,فغمزها بلاد على الكسوة ورفع المَلك رأسه إليها فظنّت أنّه قد فطن بها,فأراها إيلاذ الثياب وأشار عليها بأخذها فأخذتها وكانت شارته إليها أن غمزها بعينه وحانت من المَلك التفاتة فرأى إيلاذ وقد غمز إيراخت فلمّا رأت إيراخت أنّ المَلك قد أبصر إيلاذ وإيماءه إليها,فأراهَا إيلاد الثّياب وأشار عليها بأخذها فحانت من الملك لحظه فرأى إيلاد فلمّا رأت إبراحت أنّ الملك قد رأى إيلاد أبصر إيمائه إليها بعينه,فأشار إليها بلاذ أن خذي الثياب فلحق الملك بهما وبرمزهما,فأراها بلاذ الثياب وأشار عليها بأخذها وحانت من الملك التفاتة فنظر أيّما بلاذ حين غمزها بعينه
59,9ad64ae7-ee4a-42da-8104-5709c42dacad,Queen Chooses Crown,فأخذت منها إكليلًا,وحين فهمت إبرخت ذلك تركت الثياب وأخذت الإكليل كيلا يظنّ بها المَلك ظنّ السوء,فحين فهمت إبرخت أنّ المَلك لحظ تركت الثياب وأخذت الإكليل لكيلا يظنّ المَلك بها ظنًّا سوءًا,فلمّا رأت هليث أنّ المَلك قد أبصر إيماء بلاذ إليها †لرينة,تركت الذي أشار لها عليه بلاد وأخذت الإكليل لئلّا يرى المَلك إيماءه لريبة,رفضت الذي أراها إيلاد وأخذت الاكليل مخافة أن يسيء الظنّ بها,تَرَكَتْ الذي أَشَار عَلَيْهَا بَلار وَأَخَذَتْ الإكليل لَئِلّا يَرَى المَلِك أنّ إيمَاءَه إلَيْهَا لِريبة,,فقبضت على الإكليل ورفضت الكسوة مخافة أن يسيء الملك بها الظنّ لإشارة بلاد إليها,فأخذت الإكليل وتركت الكسوة مخافة منها أن يسيء المَلك الظنّ بها لأجل إشارة بلاد [[لها]] إليها,تركت الثياب وأخذت الإكليل مخافة أن يظنّ المَلك بهما سوءًا وعاش,تركت الذي أراهَا ايلاد وأخذت الإكليل,فأدركت ما لحقت به الملك وخافت على نفسها وعلى بلاذ من القتل فاختارت التاج لضدّ ما قصده لها بلاذ,فرأت ابراخت أنّ الملك قد ابصر أيّما بلاذ إليها بعينه وفطن لذلك فخافت على نفسها وعلى بلاذ من القتل فتركت الثياب التي أراها بلاذ وأخذت الإكليل لئلّا يظنّ الملك أنّه أراها شيئًا
60,3d9ebcf8-3315-4d4c-bb2e-b7a465b63cbe,Vizier Pretends To Be Cross Eyed,,وأقام إيلاذ بعد ذلك أربعين سنة إذا دخل على المَلك كسر بعينه نحو الإيماء المتقدّم منه حتّى ظنّ المَلك إنّ ذلك عادة منه وإنّه لم يكن اعتمد فيما تقدّم ذلك,وأقام إيلاد بعد ذلك أربعين سنة كلّما دخل على المَلك يكسر عينه حتّى يظنّ المَلك أنّ ذلك عادة فيه,ومكث بلاذ أربعين سنة كلّما دخل على المَلك كسر إحدى عينيه وادّعى أنّه أحول في ذلك اليوم لئلّا يظنّ المَلك أنّه بينه وبين هليث شيئًا,ومكث بلاد أربعين سنة كلّما دخل على المَلك كسر عينه وادّعى أنّه أحول في ذلك اليوم لئلّا يتهمه المَلك بشيء,فمكث بعد ذلك إيلاد أربعين سنة مستحى من الملك لا يدخل عليه إلّا كسر عينه وأوهم أنّه أحول في ذلك اليوم شفقًا من أن يتّهمه ومعرفة بأنّه لو اطّلع على أنّ بينهما شيئًا قتلها,وَمَكَث بَلار أربَعِين سَنة كُلّمَا دَخَل عَلَى الملك كَسَر عَيْنَه وَادَّعَى أنَّه أَحْوَل في ذلك اليوم لَئِلّا يَرَى أنّ بَيْنَها وَبَيْنَه شَيْئًا,فعاش بلاذ أربعين سنة كلّما دخل على الملك كسر عينه لئلاّ يظنّ الملك أنه أراها بعينيه شيئًا,ولبث بلاد بعد ذلك أربعين يومًا لا يدخل على الملك إلّا كسر عينه شفقة أن يتّهمه أو يظنّ أنّ بينهما شيًا لو اطلع عليه لقتلهما,قال ولبث بلاد بعد ذلك مدّة طويلة لا يدخل على المَلك إلّا وهو خائف منه,إيلاذ بعد ذلك أربعين سنة كلّما دخل على المَلك كسر عينيه خوفًا أن لا يظنّ المَلك أنّه أراها بعينه شيئًا وخوفًا أن لا يتّهمه بأمر,فعاش إيلاد بعد ذلك أربعين سنة كُلّما دخَل على الملك كسر عينه لأن لا يفطن الملك أنّه أراها بعينه شيئا,قيل وعاش بلاذ بعد ذلك أربعين سنة كلّما دخل على الملك كسر عينه حتّى لا يظنّ الملك أنّه كان بينه وبين إبزاخت يومئذ شيئًا,وعاش بلاذ بعد ذلك أربعين سنة كلمّا دخل على الملك كسر عينه حتّى لا يظنّ الملك أنّه أرى ابراخت يومئذ شيئًا
61,faf7fa0c-9afd-4937-8a8e-28e47c2dd982,Intelligence Saves Queen Vizier,,,ولولا عقل إبرخت وفعلها ذلك لما نجا من إيلاد وإبرخت أحد,,,ولولا عقل إبراخت ولطافة معرفتها بأنّها لو اطّلع على أنّ بينهما شيئًا قتلها ولوّلا عقل إبراخت ولطافة معرفة إيلاد لم ينج أحد منهما من القتل,,ولولا عقل إبرخت وبلاذ لم ينج أحد منهما من الموت,,,فلولا عقل المرأة ومعرفة الوزير لم ينج واحد منهما من الموت,ولولَا عقل إبراحت وعقل إيلاد لم ينج واحد منهما من الموت,ولا قوّة عقل ابزاخت وبلاذ عند الملك كان أعدمهما,ولولا عقل ابراخت وعقل بلاذ لم ينج واحد منهما من القتل
62,8feaa4ca-8c60-4b3c-9701-e3dbbf5fd72f,Favorite Choses Dress,وأخذت حورقناه كسوة من أفخر الثياب وأحسنها,,,,,,,,وأخذت امرأته الأخرى الكسوة,,,,,
63,d642cee5-99b0-4ced-a8ab-cf6743dfe69a,King Alternates Nights With Women,وكان من عادة الملك ان يكون ليلة عند ايراخت وليلة عند حورقناه,وكان المَلك يبيت ليلة عند إبرخت وليلة عند أمّ جوبر,وكان المَلك عادته ينام ليلة عند إبرخت وليلة عند أمّ جرير,,,وكان الملك يكون له ليلة عند إبراخت تتولّى خدمته وليلة عند جوزقناه تتولّى منه مثل ذلك,,وكان الملك ليلة عند إبرخت وليلة عند جورفىاه,فكانت ليلة لبلاد تكون فيها عند الملك تلي خدمته وليلة لحريفتها تفعل مثل ذلك به,وكانت لإيلاد ليلة تكون فيها عند المَلك تلي خدمته وليلة لصاحبتها حرفناه,وكان المَلك يكون ليلة عند إيراخت وليلة عند مساميتها,وكان الملك يكون ليلة عند إبراحت وَليلة عند كورفيا,قال وكان الملك بعد ذلك يكون ليلة عند ابزاخت وليلة عند حورفتاه,وكان الملك يكون ليلة عند ابراخت وليلة عند حورفتاه
64,2235ad07-f38c-43f7-aa21-b9341c51690e,Indian Kings Mostly Eat Rice,,,,,,,,,,,,,وكان من سنّته أن تهيّء له المرأة التي تكون نوبتها أرزًّا محلّى فيأكله عندها,وكان من سنّة الملك أن تهيئ له الامرأة التي يكون عندها في ليلتها أرزًا بحلاوة فتطعمه إيّاه
65,85cdd568-521b-4265-824a-fbbb0a628169,Queen Serves Rice On Her Night,فأتى الملك ايراخت في نوبتها وقد صنعت له أرزًّا فدخلت عليه بالصحفة,فتاة فأتى إلى إبرخت في ليلتها فقدّمت له أرزًّا في صحيفة,فذات ليلة كان دوره عند إبرخت وقد وضعت له السفرة وفي يدها صحن الأرزّ بصحيفة من الذهب,ثمّ أنّ المَلك ذات ليلة كان عند هليث وكان يكون ليلة عندها وليلة عند حورفتاة فلمّا أتى هليث في ليلتها صنعت له أرزًّا وكذلك في سنّة ملوك الهند أن يكون أكثر طعامهم الأرزّ والإكليل على رأسها فقامت على رأس المَلك بالصحفة فجعل يطعم منها,ثمّ إنّ الملك ذات ليلة كان عند هلبت وكان يكون ليلة عند هلبت وليلة عند حوقناه فلمّا انتهى إلى هلبت في ليلتها اصطنعت له أرزًّا وكذلك سنّة الملوك بالمبتدأ أن يكون أكثر طعامهم الأرزّ فدخلت على الملك وفي يدها صحفة من ذهب فيها الأرز والإكليل على رأسها فقامت على رأس الملك بالصحفة فجعل يطعم منها,فلمّا أتى هليب في ليلتها صنعت له أرزًا وكذلك سنّة ملوك الهند أن يكون أكثر طعامهم الأرز فدخلت على الملك وفي يدها صحفة من ذهب فيها أرز والإكليل على رأسها فقامت على رأس الملك بالصحفة وهو يطعم منها,ثُمّ إنّ الملك ذات ليلة كان عند إيلاذ وكان يكون ليلة عند إيلاذ وليلة عند حورفتاه فلَمّا أتى إيلاذ في لَيْلَتِهَا صَنَعَتْ لَه أرُزًا وَكَذَلِك سُنّة المُلُوك في الهند أنْ يكون أكثر طَعَامِهم الأرز فَدَخَلَتْ عَلَى الملك وَعَلَى رَأَسِهَا الإكليل فَقَامَتْ عَلَى رَأْس الملك وَفِي يَدِهَا صَحْفَة مِن ذهب فيها الأرُزّ فجعل يُطعَم مِنِهَا,فلمّا كان ليلة ابرخت وقد صنعت له أرزًّا فدخلت على الملك وفي يدها صحفة من الذهب والإكليل على رأسها فقامت على رأس الملك بالصحفة وهو يطعم منه,فبينما إبلاد عنده ومعها إناء فيه أرزّ حارّ وهي قائمة على رأسه,فبينما إيلاد عند المَلك ومعها إناء فيه أرزّ وهي قائمة على رأسه,فأتى إيراخت في ليلتها وقد صنعت أرزّ فدخلت على المَلك وفي يدها صحفة من ذهب والإكليل على رأسها فقامت على رأس المَلك بالصحفة هو يطعم منها,فأتى الملك إبراحت في ليلتها وقد صَنعت له أرزًا فدخلت على الملك وفي يَدها صَحفة من ذهب والإكليل على رَأسها فقامت على رَأس الملك بالصّحفة وهو يَطعم منها,فأتى الملك نوبة ابزاخت إليها فقامت ابزاخت على رأس الملك وفي يدها صحفة من الياقوت فيها من ذلك الأرزّ المحلّى وهي تطعم الملك,فأتي الملك ابراخت في ليلتها وقد صنعت له أرزًا [[والإكليل على رأسها]] فدخلت على الملك وفي يدها صحفة من ذهب فيها أرز والإكليل على رأسها فقامت على رأسه بالصحفة وهو يطعم
66,2ca9c5bf-530c-4d42-8aff-76cb95aa88fb,Favorite Wears Dress Before King,فعلمت جورقناه بذلك فغارت من ايراخت فلبست تلك الكسوة ومرّت بين يدي الملك وتلك الثياب تضيء عليها مع نور وجهها كما تضيء الشمس فلمّا رآها الملك أعجبته,فدخلت أمّ جوبر وهو يطعم من ذلك الصحيفة الأرزّ وإبرخت بين يديه وعلى أمّ جوبر تلك الثياب وقد أضاءت وهي تشرق في ذلك الثياب كالشمس فغارت إبرخت منها فلمّا رأى المَلك حسن أمّ جوبر وبهجة ثيابها اشتاق إليها,فدخلت عليهما أمّ جرير وهي لابسة البدلة وعمّال تتّقد عليها كأنّها المصابيح فغارت إبرخت من ذلك الكسوة الحسنة لأنّ أمّ جرير كانت من الملاح القاطعات الفرط وبدنها كأنّه الدرّ بحقّ وعليها ذلك البدلة وقد أضاءت منها البيوت وأمّ جرير كالشمس فلمّا رأى المَلك لأمّ جرير تاقت نفسه إليها,فلمّا علمت حورفتاة أنّ المَلك عندها غارت على هليث فلبست تلك الكسوة ثمّ دخلت على المَلك المقصورة التي فيها المَلك مع هليث وكان بريق ذلك الثياب كشعاع الشمس فأضاءت الدار والبيت وصارت حورفتاة في تلك الثياب كأنّها الشمس الطالعة فلمّا رأى المَلك حورفتاة ثمّ اشتاق إليها فقال,فلّما علمت حوقناه أنّ الملك عند هلبت غارت من ذلك فلبست تلك الكسوة ثمّ دخلت المقصورة التي كان فيها الملك مع هلبت وكانت تبرق تلك الثياب كشعاع الشمس الطالعة فلمّا رأى الملك ذلك أحبّ حوقناه واشتاق إليها,فلّما علمت جوزقناه أنّ الملك عند هليب غارت على إبراخت فلبست تلك الكسوة ثمّ دخلت في المقصورة التي فيها الملك مع إبراخت وكان ضوء تلك الثياب كشعاع الشمس فأضاءت الدار وما فيها من تلك الثياب وصارت جوزقناه في تلك الثياب مثل الشمس الطالعة ثمّ قامت بين يدي الملك فلمّا رأى الملك ذلك اهتاج لها وتجدّد في قلبه حبّها واشتاق إليها,فلمّا عَلمتْ حورقناه أنّ الملك عند إيلاذ غَارَتْ منْ ذلك فَلَبِسَتْ تلك الكسْوَة ثُمّ دَخَلَت المَقْصُورَة التي فيها الملك مع إيلاذ وكان بَرِيْق تِلْك الثِّيَاب مِثْل شُعاع الشّمس فأضاء البيت وَصَارَتْ في تلك الثِّيَاب حورقناه كالشّمس الطَّالِعَة فَلَمَّا رَأَى ذَلِك الملك أَحَبّ حورقناه وَاشْتَاق إِلَيْهَا,فلمّا رأت جورفاه ذلك غارت من إبرخت فلبست الثياب الحسنة وأقبلت كالشمس ومرّت بين يدي الملك فاشتاق الملك إليها,إذ جازت حرفتاه وقد لبست الكسوة وقد مرّت بين يديه فأضاء كلّ شيء حوله وكانت كالشمس حسنًا فاشتاق الملك إليها,إذ جاءت حرفناه فلبست الكسوة فمرّت بين يدي المَلك فأضاء كلّ شيء حول المَلك لأنهّا كانت كالشمس حسنًا وجمالًا فجلست عنده,فلمّا رأت مساميتها الإكليل على رأس إيراخت غارت فلبست تلك الثياب ومرّت بين يديه وكانت كالشمس حسنًا فأضاء كلّ ما حولها فاشتاق إليها,فلمّا رأت كورفياه الإكليل على رأس إبراحت عادت فلبست تلك الثياب فاضاء لَها المجلس ومَا حَوله فصارت كالشمس ومرّت بين يدي الملك فاشتَاق إليهَا,فنظرت حورفتاه إلينا وهو يأكل من يدها فلحقها الغيرة من قرب ابزاخت بمنزلة الملك فذهبت حورفتاه ولبست تلك الحلّة الحمراء ومرّت بين يدي الملك ووقفت إلى جانب إيوانه فأشرق المنزل من نور تلك الحلّة وعظم بهجتها في أعين الملك,فلمّا رأت ذلك حورفتاه غارت على ابراخت فلبست تلك الكسوة ثمّ مرّت بين يدي الملك وكان ضوء ذلك الثياب وبياضها وشعاعها كشعاع الشمس وضوؤها فأضاء بها البيت وصارت حورفتاه كالشمس المنيرة والقمر
67,312b101c-596c-44c9-8a5a-4f35624d0b5c,King Insults Queen,ثمّ التفت الى ايراخت فقال لها إنّك جاهلة حين أخذت الإكليل وتركت الكسوة التي ليس في خزائننا مثلها,وقال لإبرخت أكنت جاهلة حين تركت الكسوة وأخذت الإكليل أو ليس في خزانتي لهذه الكسوة مثيل,ثم التفت إلى إبرخت وقال لها أنت كنت جاهلة حين أخذت الإكليل وتركت الكسوة إذ ليس في خزائننا مثل هذه الكسوة,لهليث إنّك لجاهلة حين لم تأخذين الكسوة وتدعين الإكليل التي لم أر مثلها قطّ,فقال لهلبت إنّك لجاهلة حين تأخذين الإكليل وتدعين الكسوة التي لم يُرى مثلها قطّ,وقال لإبراخت لقد كنت جاهلة حين أخذتي الإكليل وتركت الثياب التي ليس في خزائننا مثلها,فقال لإيلاذ إنَّك لَجَاهِلَة حِيْن تَأْخُذِيْن الإكليل وتَدَعِين الكسوة التي لم أر مثلَها قَطّ,وقال لقد كنت جاهلة حين تركت الثياب وأخذت الإكليل وتركت الكسوة التي ليس في خزانتي مثلها,فقال لإبلاد إنّك لجاهلة حين أخذتي الإكليل وتركتي الكسوة,فقال المَلك عند ذلك لإيلاد إنّك جاهلة حيث أخذت الإكليل وتركت الكسوة,وقال لإيراخت إنّك جاهلة حين أخذت الإكليل وتركت الثياب التي ليس في خزائننا مثلها,وقال لإبراحت لقد كُنت جاهِلة حين أخذت الإكليل وتركت الثياب التي ليس في خزائننا مثلها,فنظر إلى ابزاخت وقال لها *ألا ترين *حورفتاه كيف أشرق حسنها بلباسها إنّك إذ ذاك لجاهلة كيف تركت مثل هذا اللباس,فلمّا رآها الملك اشتاق إليها فقال لابراخت إنّك لجاهلة حين أخذت الإكليل وتركت الثياب التي ليس في خزائنها مثلها
68,070b0cad-01ee-4cfb-98a9-3e0efd002fb5,King Praises Favorite,,,,وإنّ حورفتاة لأحسن منك عقلًا وأشبه بنساء الملوك فلمّا,وإنّ حوقانه لأحسن منك عقلًا وأكمل رأيًا وأشبه بنساء الملوك,وإنّ جوزقناه لأحسن منك عقلًا وأكمل رأيًا وأشبه بنساء الملوك,وإنّ حورقتاه أحسَن منك عقلا وأكمَل منك رأيًا وأشبه بنساء الملوك,,,,وإنّ جوريناه لأحسن منك عقلًا وأكمل رأيًا وأشبه بنساء الملوك منك,,,
69,371e481a-1751-455e-9b02-e8d27dc2691a,Queen Pours Rice Over King,فلمّا سمعت ايراخت مدح الملك لجورقناه وثنائه عليها وتجهيلها هي وذمّ رأيها أخذها من ذلك الغيرة والغيظ فضربت بالصحفة رأس الملك فسال الأرزّ على وجهه,فلمّا لمحت إبرخت ذلك من المَلك وفهمت نحو كلامه داخلها الغضب وأخذت الصحيفة من بين *يدي المَلك وضربت بها على رأسه فسال الأرزّ على *وجه المَلك وثيابه وكان,فلمّا سمعت إبرخت كلام المَلك ولمحت أنّ نفسه تاقت إليها وأخرى أنّها غارت من أمّ جرير أخذها الغضب والصخب فأخذت صحيفة الأرزّ وضربت بها رأس المَلك فسال الأرزّ على جسده وأمتعته وجبهته,سمعت هليث قوله وتسفيهه رأيها ومدحه حورفتاة اغتاضت فضربت بالصحفة رأس المَلك فتناثر الأرزّ والسمن على رأسه ولحيته,فلمّا سمعت هلبت قوله وتسفيه رأيها ومدحه حوقناه اغتاظت فضربت بالصحفة رأس الملك فتناثر الأرزّ على رأسه ووجهه ولحيته,فلمّا سمعت إبراخت ذلك من قوله مع ما عاينت من حاله ومدحته جوزقناه وتسفيهه رأيها أُلبست الغيظ والغضب فضربت بالصحفة التي كانت بيدها رأس الملك فسال الأرزّ على رأسه ووجهه ولحيته وجسده,فَلَمّا سَمِعَتْ إيلاذ قَوْلَه وَتَسْفِيْهَه رأيْهَا وَمَدْحَه حورقتاه اغتاظت فَضَرَبَتْ رَأْس المَلِك بالصُحْفَة فَتَنَاثَر الأرزّ عَلَى رَأْسِه وَجِسْمِه وَلِحْيَتِه,فلمّا سمعت براخت ذلك من قوله ومدحه خورفتاه ظهر عليها الغيظ والغضب فضربت بالصحفة التّي كانت في يدها رأس الملك فسال الأرزّ على جسمه,فلمّا سمعت ذلك مع ما عاينت من حاله غضبت ورمت ما في يدها على الملك فسال الرزّ الحارّ على وجهه ولحيته ورأسه,فلمّا سمعت ذلك منه مع ما عاينت من الكسوة غضبت عليه ورمت ما في يدها فسال ذلك على وجه المَلك وجسده,فلمّا سمعت ذلك منه مع ما عاينت غضبت وضربت بالصفحة رأس المَلك فسال الأرزّ على رأسه ووجهه ولحيته,فغضبت وضربت بالصّحفة التي كانت في يدهَا رأس الملك فسال الأرزّ على رَأسه وَجسمه,فلمّا سمعت قول الملك غضبت وضربت بالصحفة رأس الملك فسال الأرزّ على تاجه ووجهه ولحيته,فلمّا سمعت ابراخت قول الملك ومدحه حورفتاه وتسفيهه رأيها لبست الغيظ والغضب ودخلها منه أمر عظيم فضربت بالصحفة التي كانت في يدها رأس الملك فسال الأرز على رأسه وجسمه ولحيته
70,2bdc3706-1aa5-4d13-b706-b9528b00e9bf,Fulfillment Of Last Dream,,هذا تفسير رؤياه الذي لم يفسّره الحكيم,وكان هذا تصديق رؤياه الثامنة التي كان الحكيم بيّن له طرفًا منها ولم يُفسّرها له وأوعده بتفسيرها,وكان ذلك تصديق الرؤيا التي لم يفسّرها له كينارون,وكان ذلك تصديق الرؤيا التي لم يفسّرها له كينارون العالم وكتمها منه لأجل حكم القضاء والقدر,وكان عبارة الحلم الثامن الذي كان كمابيرون برع بطرف منه للملك وامتنع من تبينه له,وَكَان ذَلِك تَصْدِيْق الرّؤيا التي لمْ يُفَسِّرهَا كيناىرون,فكان ذلك تصديق الحلم الذي كان كبايرون قد وعد الملك بطرف منه ولم يكن بيّنه له,وكان ذلك عبارة رؤياه في الحلم الثامن الذي لم يكن كبابرون بيّنه له,وكان ذلك تمام عبارة الرؤيا التي ذكرها له العالم عند تفسير رؤياه,وكان ذلك عبارة الحلم الثامن الذي كتمه إيّاه كنانابزون ولم يكن يبيّنه له,فكان ذلك تصديق الحلم الذي كنّا عنه كان ابرون,وكان ذلك تفسير الحلم الثامن الذي امتنع كبارايرون من تفسيره للملك في الوقت الأوّل,وكان ذلك تفسير الحلم الثامن الذي كان كناربزون نوّه للملك بطرف منه ولم يفسّره له
71,ae00c55d-002a-4e1f-8b62-45384a327963,King Expresses Anger To Vizier,فقام الملك من مكانه ودعا بايلاذ فقال له ألا ترى وأنا ملك العالم كيف حقّرتني هذه الجاهلة وفعلت بي ما ترى,فغضب المَلك ودعا بإيلاذ ثمّ قال له ألا ترى ما حلّ بي وأنا مَلك العالم وكيف تجرّأت عليّ هذه المرأة بمثل هذه الفعلة,فلمّا جرى من إبرخت ما جرى أدعى <المَلك> بإيلاد وقال له أما ترى ما حلّ بي وأنا مَلك العالَم كيف تجاسرت عليّ امرأة وفعلت بي ما تراه,فدعا المَلك بلاذًا وزيره فقال أما ترى يا بلاذ ما فعلت هذه المرأة وكيف استخفّت بي وحقّرتني,فدعا المَلك بلاد وزيره فقال يا بلاد انظر ما فعلت هذه المرأة وكيف استخفّت بي,فدعا الملك بإيلاد فقال يا إيلاد ألا ترى إلى ملك العالم كيف حقرته هذه المرأة وعملت به ما عملت هل رأيت ملكًا قطّ مثلي اجترأ عليه مثل هذه الحمقاء حين ركبت منه مثل ما ترى احتقارًا لي وتصغيرًا لقدري وتهوينًا لأمري,فَدَعَا الملك بَلارًا وَزيرَه وَقال أَمَا تَرَى يا بَلار مَا فَعَلَتْ هَذِه المَرْأَة وَكَيْف اسْتَخَفَّتْ بِي وَحَقَرتْنِي,فدعا الملك بلاذ وقال له يا بلاذ أما متى إلى ملك العالم كيف [[كان]] حقّرته هذه المرأة وعملت به ما عملت,فدعا الملك بلاد فقال له هل رأيت ملكًا قطّ اُجترئ عليه بمثل ما اُجترئ عليّ واُرتكبت منه بمثل ما اُرتكب منّي هذه الحمقاء في احتقارها لي وتصغيرها لأمري,قال فاغتاظ المَلك من فعلها ذلك غيظًا شديدًا ودعا بلاد وقال له هل رأيت مَلكًا قطّ تجترئ عليه مثل هذه الحمقاء حتّى فعلت ما ترى احتقارًا لي وتقصيرًا بأمري,فدعا المَلك بإيلاذ فدخل عليه فقال يا إيلاذ ما ترى إلى ما فعلته هذه المرأة لي وكيف استخفّت بي وحقّرتني وعملت ما عملت فما أعلم أنّ مَلكًا قطّ اجتُرئ عليه بمثل ما ركبت هذه الحمقاء منّي,فدعى الملك إيلاد من ساعته فدخل عليه فقال يا إيلاد ألا ترى إلى الملك العَالم كيف حقّرته هَذه المرأَة وعملت به ماعملت,فلمّا رأى الملك ما حلّ به أدعى بلاذ وقال يا بلاذ <انظر> كيف خرقت هذه المرأة الحرمة وحقّرت الملك العالم الفاضل وما بلغته من الجرأة,فدعا الملك لبلاذ وقال يا بلاذ ألا ترى إلى الملك العالم الفاضل كيف حقّرته هذه الامرأة وصنعت به ما صنعت
72,3f74d42d-af77-44ad-a044-7bf538dd8ba2,King Orders To Execute Queen,فانطلق بها فاقتلها ولا ترحمها,فانطلق بها واقتلها ولا ترحمها,فانطلق بها واقتلها بالعجل من غير مهل ولا ترحمها فهذا جزاؤها,فانطلق بها فاضرب عنقها ولا تراجعني في أمرها ولا تدخلنّ عليّ إلّا بعد قتلك إيّاها,فانطلق بها فاضرب عنقها ولا تراجعني في أمرها ولا تدخلنّ عليّ إلّا بعد قتلك إيّاها,فانطلق بها فاضرب عنقها ولا ترحمها فإنّها ليست لذلك أهلًا ولا تراجعني في شيء من أمرها ولا تدخلنّ عليّ إلّا بعد قتلك إيّاها,فَانْطَلِقْ بِهَا فَاضْرِبْ عُنُقَهَا ولا تَدخُلْ عَلَيّ إلّا بَعْد قَتْلِك إِيَّاهَا,فانطلق بها فاضرب عنقها ولا ترحمها,انطلق بها فاضرب عنقها ولا تشاورني في ذلك ولا ترحمها فإنّه ليست لذلك بأهل,انطلق بها من ساعتها هذه فاضرب عنقها ولا ترحمها فإنّها ليست لذلك بأهل,انطلق بها فاضرب عنقها لا ترحمها,فانطلق بهَا فاضرب عُنقها وَلا ترحمها,امض بها واضرب عنقها وألقها في اليمّ ودعها كيوم مضى وزجر الملك إبزاخت فاندفعت عنه,فإنّها امرأة عاقلة سعيدة من الملكات
73,48470e0b-0886-4652-b32a-2c6681d3d59b,Vizier Decides To Spare Queen,فخرج إيلاذ من عند الملك وقال لا أقتلها حتّى يسكن عنه الغضب,فأخذ إيلاذ إبراخت وخرج بها من عند المَلك وقال في نفسه ما انا بقاتلها حتّى يسكن غضب المَلك,فأخذ إيلاد لإبرخت وخرج بها من عند المَلك وقال في نفسه ما أنا بقاتلها فلا بدّ ما يسكن غضب المَلك فما له صبر عنها من شدّة عقلها وكمالها,فخرج بلاذ بهليث من عند المَلك فقال في نفسه ما ينبغي أن أقتلها حتّى يسكن غضب المَلك,فخرج بلاد بهلبت من عند المَلك فقال في نفسه ما ينبغي أن أقتلها حتّى يسكن غيظ المَلك,فخرج إيلاد بإبراخت من عند الملك وقال في نفسه ما أنا بقاتلها ولا أممض رأيه فيها حتّى يسكن غضب الملك,فَخَرَج بَلار بِإيلاذ مِنْ عِنْد المَلك وَقَال مَا يَنْبَغِيْ أَنْ أَقْتُلَهَا حَتَّى يَسْكُن غَضَب المَلك,فخرج بلاذ بإبرخت من عند الملك وقال [[ما]] [[أنا]] [[بنفسه]] ما أنا بقاتلها حتّى يسكن غضب الملك,فقبض على ابلاد وخرج بها من عند الملك وقال لست بقاتلها ولا ممضي رأيه فيها حتّى يهدأ غضبه,فأخذها بلاد وخرج بها من عند الملَك وقال في نفسه إنّي لست بقاتلها ولا أمضي رأيه فيها,فخرج إيلاذ وإيراخت من عند المَلك وقال في نفسه ما أنا بقاتلها حتّى يسكن غضب المَلك,فخرج إيلاد بإبراحت من عند الملك وقال في نفسه مَا أنا بقاتلها حتَّى يسكن غضب الملك,فأخذها بلاذ وخرج بها من دار الملك وقال في نفسه ما أنا بقاتلها حتّى يسكن غضب الملك وأنظر ماذا يؤول رأيه فيها,فخرج بلاذ بابراخت من عند الملك وقال في نفسه ما أنا بقاتلها حتّى يسكن غضب الملك
74,63ef945f-3d49-434b-812e-8598ad9cdbd4,Vizier Praises Queen,فالمرأة عاقلة شديدة من الملكات التي ليس لها عديل,فإنّها عاقلة ليس لها نظير في العقل والحسن,وما أظنّ لها عديل بين النساء وكان خلاص المَلك على يدها ولولاها هلك المَلك وعملها عمل أهل الصلاح,فإنّها امرأة عاقلة سعيدة ليس لها في النساء شبيه,فإنّها *امرأة عاقلة سعيدة من ?الملك ليس لها شبه,فإنّها إمراءة لبيبة عاقلة حريصة على الخير شافعة به تحبّه وأهله سعيدة من الملكات ليس لها من النساء عديل ولا شبيه في الحلم والعقل,وَقال في نفسِه إنّها امرأة عاقلة سَعيدة من المَلكات ليس في النساء شبيه لها,فإنّها إمرأة عاقلة من الملكات ليس لها في النساء مثل في العقل والفهم,ومع ذلك فإنّها لبيبة عاقلة أديبة حريصة على الحقّ تحبّه وتحبّ أهله,لأنّها لبيبة عاقلة حريصة على فعل الخير شفيقة عليه,فإنّها امرأة عاقلة لبيبة حريصة على الخير سعيدة من الملكات ليس لها من النساء عديل في الحلم والعقل,فإنّها إمرأة عاقله لبيبه متعبده من الملكات ليس لهَا من النساء عديل في الحلم والعدل,فإنّها امرأة فاضلة عاقلة سعيدة من الملكات الذي لا يسمح الدهر بمثلها وليس لها في النساء عديل في العقل والحلم والكمال,فإنّها امرأة عاقلة سعيدة من الملكات ليس لها في النساء عدل في العقل والحلم والكمال
75,46865df9-9b89-4587-8945-6162faa0d00b,King Will Miss Queen,وليس الملك بصابر عنها وقد خلّصَته من الموت وعملت أعمالًا صالحة ورجاؤنا فيها عظيم,وليس المَلك بصابر عنها وقد خلّصه الله بها من الهلاك الى اليوم,,وليس المَلك بصابر عنها وقد خلّص الله بها اليوم بشرًا كثيرًا من الموت ونحن نرجوها فيما بعد اليوم إن بقيت,وليس المَلك صابرًا عنها وقد خلّص <الله> بها إلى اليوم شرًّا كثيرًا من الموت ونحن نرجوها فيما بعد اليوم إن بقيت,وقد خلّص الله بها إلى اليوم أناسًا كثيرة من الموت وليس الملك بصابر عنها ونحن نرجوها فيما بعد اليوم إن بقيت,وَليس المَلك بصابر عَنْهَا وقدْ خَلَّص الله بها بشرًا كثيرًا من الموت وَنحن فيما نرجو منها بعد اليَوم,وليس الملك بصابر عنها وقد خلّص الله بها إلى اليوم ناسكًا كثيرًا من الموت وعملت أعمالا صالحة ورجاؤنا فيها لليوم,ولم يكن الملك ليصبر عنها وإنّه يحبّها,ولم يكن المَلك يصبر عنها ساعة واحدة,وليس المَلك صابر عنها وقد خلّص الله بها اليوم شرًّا كثيرًا من القتل وعملت أعمال صالحة ونحن نرجوها بعد اليوم,وليس الملك بصَابر عنها وقد خَلص بها إلى اليوم ناس كثير من الموت وَعملت أعمالا صَالحة و رجاؤنا فيها العظيم,وليس بصابر عنها وإن كان أصابه منها بعض حزن فليس ينسى فضل عقلها وحلاوة دلالتها له على العمل [با] بالصبر والحلم والتأنّي وتعريفها إيّاه وهو في أشدّ ممّا أصابه من البراهمة وقد خلّص الله بها أنفسنا من القتل والهلكة مع المنافع الكثيرة ورجاؤنا كثير,وليس الملك بصابر عنها وقد خلّص الله بها إلى اليوم أنفسنا من القتل والهلكة مع منافع كثيرة وأعمال صالحة ورجاؤنا فيها أعظم
76,07751234-932c-4775-b4a2-89db68c06293,Vizier Fears Risk Of Delay,,,,,,وأنا متخوّف سخطه في تأخيري أمرها وذلك الرأي ولست مؤثرًا عليه شيئًا وإن نالني فيه من عقوبته عدل القتل,,,وأنا وإنّي لمتخوّف سخطه في تأخيري أمره فيها وذلك الرأي ولست مؤثرًا عليها شيئًا وإن نالني فيه من العقوبة ما لا طاقة لي به,وأنا متخوّف سخطه أيضًا في تأخير أمرها وذلك هو الرأي عندي الذي لا يُؤثر عليه شيئًا وإن نالتني فيه عقوبة من المَلك,,,,
77,5bd493ca-ac04-4747-b0ba-7eea0e1ce507,Vizier Fears Risk Of Rush,ولست آمنُه أن يقول لما لم تؤخّر قتلها حتّى تراجعني,ولست بآمن أن يقول المَلك أفما استطعت أن تؤخّر قتلها حتّى تراجعني,أو إذا قال المَلك لمّا أمرتك بقتلها لم لا راجعتني عنها فما يكون جوابي له,ولست آمن لائمة المَلك على عجلتي بقتلها,ولست آمنًا لائمة المَلك على عجلتي بقتلتها,ولست آمن لائمة الملك على عجلتي إلى قتلتها,ولست آمن لائِمة الملك على عَجلتي بقَتلِهَا,ولست آمن أن يقول الملك أما استطعت أن تُؤخّر قتلها,,,ولست آمن أن يقول المَلك ما استطعت أن تؤخّر قتلها,ولست آمن أن يقول الملك مَا استطعت أن تؤخر قتلها,ولست بآمن من أن يقول الملك ما استطعت أن تؤخّر أمرها حتّى تأمرني وتشاورني,ولست آمنًا أن يقول الملك أما استطعت أن تؤخّر أمرها وتتأنّى في قتلها حتّى تؤامرني
78,09ae462e-01f5-4fb4-8084-9639932a2514,Viziers Action Depends On King,ولست قاتلها حتّى أنظر رأي الملك فيها ثانية فإن رأيته نادمًا حزينًا على ما صنع جئت بها حيّة,فلست بقاتلها حتّى أنظر رأي المَلك,فأنا ليس بقاتلها حتّى أنظر رأي المَلك فيها,ولست قاتلها حتّى أستطلع أمره فإن ندم على ما صنع وحزن رددتها عليه وإن تمّ رأيه على قتلها أنفذت رأيه فيها,فلست بقاتلها حتّى أستطيع رأي المَلك فإن ندم وحزن على ما صنع رددتها إليه وإن تمّ رأيها رأيه على قتلها أنفذت رأيه فيها,وأنا موخّر قتلها حتّى أنظر ما يرى الملك فإن ندم على قتلها وحزن واهتمّ فرّجت ذلك عنه بحياتها وابقائها,فَلَسْت قاتلهَا حتَّى أَسْتطلع رَأي المَلك فإنْ نَدِم على ما صَنَع وحَزِن ردَدّتُها إليْه وإنْ تَمّ رَأيُه عَلى قتلِهَا أنْفَذت رأيَه فيها,فلست قاتلها حتّى أنظر ما يكون من رأي الملك فيها فإن ندم على قتلها وحزن جئته بها حيّة,,,فلست بقاتلها حتّى أنظر رأي المَلك فيها فإن ندم على قتلها وحزن جئته بها حيّة,فلست بقاتلها حتى أنظر مَا يرى الملك فيها فإن نَدِم على قتلها وحزن جئته بها حية,ولست بقاتلها حتّى انظر ما يكون حال الملك عند تذكيره محاسنها وبركة عقلها فإن ندم على قتلها جئته بها,فلست قاتلها حتّى أنظر ما يكون من رأي الملك فيها فإن ندم على قتلها جئته بها
79,f8706bb5-60b5-450d-b1c3-063b3d202626,Vizier Reflects On Benefits,وكنت قد عملت عملًا عظيمًا وأنجأت ايراخت من القتل وحَفظت قلب الملك واتّخذت عند عامّة الناس بذلك يدًا,كنت قد عملت عملًا عظيمًا فأنجو به بما أنجأت هذه من القتل ورددت قلب المَلك واتّخذت عنده بذلك يدًا,فإن ندم المَلك عليها ولّج في طلبها تكون هي سبب خلاصي من القتل ورفع منزلتي عنده فأنجو بحياتها هي واحدة وأخرى لم ينسخى التفريط بعاقلة مثلها,وإن أنقذتها من القتل عملت ثلاث خصال منها أنّي أنجّي هليث من القتل ومنها أن أفخر بها على الناس ومنها أن تردّها بعد العجلة على المَلك ويعلم أنّه لا ينبغي له أن يعجّل,وإنّي إن أنفذتها من القتل عملت ثلاثة أعمال منها أن أنجي هلبت من القتل ومنها أن أفخر بها على الناس ومنها أن أردّ بها العجلة على المَلك في مثل هذا فيعلم أنّه لا ينبغي له أن يعجل,وأكون قد أنقذتها من القتل وكنت قد عملت ثلاثة أعمال عظام منها أنّي أكون قد أنجيت إبراخت من القتل وسلّيت حزن الملك أيضًا على ما أصابه من قتلها منها أنّي أتخيّر بها على الناس في كلّ شيء ترومه منها أنّي أردّ بها العجلة على الملك في مثل هذا وأطلب بها الأجر من الله تعالى فيعلم أنّه لا ينبغي له أن يعجّل,فإنْ أنقذتُهَا من القتل عَمِلْت ثَلَاثة أعمال منها أنّي أُنَجِّي إيلاذ مِن القتل ومِنها أنْ أفتخر بها على الناس ومِنها إنْ أَرْدَتْهَا العَجَلَة عن المَلك في مثل هذا فَيَعْلَم أنَّه لا يَنْبَغِي له أنْ يعجل,وكنت قد عملت ثلاثة أعمال عظام أنجيت براخت من القتل وسلّيت حزن الملك وافتخرت بذلك عن الناس,فإنّي أجمع في ذلك ثلاثة أمور إن هو ندم عليها كان منه فيها وحزن واهتمّ فرّجت عنها بحياتها والثانية استحيي نفسًا والثالثة ما أرجوه في ذلك من الأجر في الآخرة,فأنا أجمع في ذلك ثلاثة أمور أمّا الأولى إن هو ندم على ما كان منه ثمّ حزن واهتمّ كنت قد فرّجت عنه ببقائها والثانية أنّي أستحيي نفسًا والثالثة ما أرجوه من ثواب الآخرة,وكنت قد عملت ثلاثة أعمال أنجيت إيراخت من القتل وفرّجت عن الملك حزنه وافتخرت بذلك على سائر الناس,وكنت قد عملت ثلاثة أعمال عظام أنجيت بها إبراحت وسليت الملك وافتخرت بذلك على الناس,وكنت قد عملت ثلاثة أعمال عظيمة أنجيت ابزاخت من القتل وسلّيت حزن الملك وأمننت بذلك على أهلها بحياتها فأنّها تقيّة تحبّ الآخرة والبرّ,وكنت قد عملت ثلاثة أعمال عظيمة أنجيت إبراخت من القتل وسليّت حزن الملك وامتننت بذلك على أهل المملكة بحياتها فإنّها تقيّة تحبّ الآخرة والبرّ
80,c48a8f0c-ad98-4ec4-a4f0-538c36878790,Vizier Might Execute Order,وإن رأيتُه فرحًا مستريحًا مصوّبًا رأيه في الذي فعله وأمر به فقَتلُها لا يفوت,,,,,وإن هو لم يذكرها ولم يشتق إليها وتخوّفته على نفسي أمضيت رأيه فيها,,وإن لم يذكرها ولم يشتق إليها أمضيت أمره فيها,وإن هو لم يردها ولم يشقّ عليه وتخوّفت على نفسي أمضيت أمره فيها,وإن هو لم يردها ولم يشتق إليها وتخوّفت على نفسي أمضيت رأيه فيها,وإن لم يذكرها ولا يشتاق إليها امضيت امره فيها,وإن لم يذكرها <ولا> *يشتاق إليها أقضيت أمره,وإنّ هو لم يذكرها ولم يسل عنها أمضيت أمره فيها,وإن هو لم يذكرها ولم يشتق إليها أمضيت فيها أمره