unit_order,unit_id,unit_title,A4095,P3465,P3475,R2536,CCCP578,P3471
1,1c7574b7-0dab-49c3-bcd8-a6470ea04a6d,Chapter Title,باب الأسد وابن آوى,باب الأسد وابن آوى,باب الأسد والشغمر الصوّام,باب الأسد وابن آوى الصوّام,باب الأسد وابن آوى,وهذا باب الأسد والشهمير الصوّام الناسك
2,6c9f1f3b-985a-46df-be9c-84fc6b27309e,Chapter Title Explanation,,,وهو باب السلطان وأعوانه,,وهو باب وزراء السلطان,وهو باب وزراء السلطان وأعوانه وقرائبه ومعارفه وصحابته
3,48e2ae01-4fcc-497c-b1cc-8d3818d3d88f,Chapter Abstract,,,,,وهو مثل من يناله السلطان بالجفوة والمكروه من خاصّتهم وعمّالهم وأعوانهم حتّى يشرف على الهلكة بسعاية من أعدائهم واحتيال منهم في أمره لاستثقالهم إيثار الملك إيّاه وحسدهم له على منزله فيستبين للملك ما كان من سعايتهم,
4,f6420a21-69df-4c16-a343-4c46de8325e7,Chapter Function,,,,,وفي هذا الباب داعية للملوك إلى مراجعة من جفوه وداعية للذي تناله الجفوة إلى حسن الظنّ والانبساط واتّساع *الأمل,
5,cf25b0ab-5b6e-4b43-9723-c75bc90798a9,King Understood Previous Chapter,قال الملك للفيلسوف قد سمعت هذا المثل,قال ديشلم الملك لبيدبا الفيلسوف قد سمعت هذا المثل,قال الملك للفيلسوف قد سمعت منك باب الذي يدع عمله الذي يعمل ويليق به,قال الملك للفيلسوف قد سمعت هذا المثل,قال الملك للفيلسوف قد سمعت مثل العدوّ !المؤثر الذي لا يطمئنّ إلى عدوّه,قال الملك *للفيلسوف قد سمعت مثل الغدر *والموتور الذي لا يُطمأنّ إليه
6,c9b5e2b0-7b78-476a-99a8-4e25b2322728,King Asks about Reconciling a Courtier,فاضرب لي مثل الملوك فيما بينهم وبين قرائبهم وفي مراجعة من يراجع منهم بعد عقوبة أو جفوة تكون عن ذنب يذنبه أو ظلم يظلمه,فاضربْ لي مثل الملك الذي يراجع من أصابته منه جفوة أو عقوبة من غير جرم أو جفوة من غير ذنب,فاضرب لي مثل الملوك فيما بينهم وبين قرابتهم وفي مراجعة من يراجع منهم بعد عقوبة أو جفوة يكون عن ذنب يذنبه أو ظلم يظلمه,فاضرب لي مثل الملوك فيما بينهم وبين قرابتهم وخاصّتهم في مراجعة من راجع منهم بعد عقوبة أو جفوة تكون عن ذنب يذنبه أو ظلم يُظلم به فيأمر الملك بعقوبته,فاضرب لي مثل الملوك فيما بينهم وبين قرابتهم ?ولا مراجعة من يراجع منهم بعد عقوبة أو جفوة,فاضرب لي مثل الملوك فيما بينهم وخاصّتهم في مراجعة من يراجع منهم بعد عقوبة أو جفوة تكون عن ذنب يذنبه أو ظلم يظلمه فيأمر الملك بعقوبته
7,9df08ffa-4a13-4820-9013-872c89eec4cc,Philosopher Supports Reconciliation of a Courtier,قال الفيلسوف إنّ الملك لو كان لا يراجع من أصابته جفوة أو عقوبة عن جرم اجترمه أو ظلم ظلمه *أضرّ ذلك بالأمور والأعمال,قال الفيلسوف إنّ الملك لو لم يراجع من أصابته منه جفوة عن ذنب أو غير ذنب ظلم أو لم يظلم لأضرّ ذلك بالأعمال,قال الفيلسوف إنّ الملك لو كان لا يراجع من أصابته جفوة أو عقوبة عن جرم أجرمه أو ظلم ظلمه أضرّ ذلك بالأمور والأعمال,قال الفيلسوف إنّ الملك لأولى أن يراجع من أصابته جفوة أو استحقّ عقوبة من جرم اجترمه أو ظلم رُمي به إذ *لأضرّ ذلك بالأمور والعمل,قال الفيلسوف لو كان الملك لا يراجع من أصابته الجفوة والعقوبة عن جرم اجترمه إذًا لأضرّ ذلك بالأمور والأعمال,قال الفيلسوف إنّ الملك لو كان يراجع من أصابته جفوة أو استحقّ عقوبة عن جرم اجترمه أو ظلم ظلمه إذن لأضرّ ذلك بالأمور والأعمال
8,2572b629-101e-44f5-9378-c25b2700ca84,King to Consider Value of a Suspect,ولكنّ الملك حقيق أن ينظر في حال من ابتُلي بشيء من ذلك وما عنده من الغَناء الذي يرجو منه النفع,ولكنّ الملك حقيق أن ينظر في حال من ابتُلي بذلك ويَخبر ما عنده من المنافع,ولكنّ الملك حقيق ***,ولكنّ الملك حقيق أن ينظر في أمر من كان كذلك,,ولكنّ الملك حقيق بالنظر في أمر من ابتلي بشيء من ذلك وما عنده من الغنى والذي يرجوه منه من النفع
9,5474f3bb-eab2-40a8-be57-ae4405f540f2,King to Reconcile the Reliable,فإن كان ممّن يُستعان به ويُوثق برأيه وأمانته كان الملك حقيقًا بالحرص على مراجعته والحرص عليه منه بذلك,فإن كان ممّن يُوثق به في رأيه وأمانته فإنّ الملك حقيق بالحرص على مراجعته,,فإن كان ممّن يُراجع ويُرجى عنده نصيحة كان الملك أحقّ بالنظر في العفو عنه واستبقائه,فإذا كان ممّا يُستعان به ويُوثق برأيه وأمانته كان الملك أحقّ بالحرص له على مراجعته وأمانته وكفايته,فإن كان ممّن كان يُستعان به ويُوثق برأيه وأمانته أو كان ممّن يُرجى عنده نصيحة كان الملك أحقّ بالحرص على مراجعته والنظر في العفو عنه والاستبقاء له
10,3174c5a2-5d2f-4527-8ae0-be4b01ddf41e,Aides Are Essential to Rule,فإنه المُلك لا يُستطاع إلّا بالوزراء والأعوان ولا يُنتفع بالوزراء والأعوان إلّا بالمودّة *والنصيحة ولا مودّة إلّا مع إصابة الرأي والنصيحة والعقل,فإنّ المُلك لا يُستطاع إلّا مع ذوي الرأي وهم الوزراء والأعوان ولا يُنتفع بالوزراء إلّا بالمودّة لهم والنصيحة ولا مودّة إلّا لذوي الرأي والعفاف,*** بالوزراء والأعوان إلّا بالمال,فإنّ الملوك لا تستطيع عملًا إلّا بالوزراء وأهل المودّات والأعوان ولن ينتفع الوزراء إلّا بمودّة الملوك,قال فإنّ المُلك لا يُستطاع إلّا بالوزراء والأكفّاء والعمّال ولا ينفع الوزراء إلّا بالمودّة والنصيحة,فإنّ المُلك لا يُستطاع إلّا بالوزراء والأعوان ولن يُنتفع بالوزراء والأعوان إلّا بالمودّة والنصيحة ولا المودّة والنصيحة ولا مع أصالة الرأي والعفاف
11,5a793970-250c-41e3-b197-dbe3d8bfbf3e,Kings' Duties Are Many,وأعمال الملك كثيرة ومن يحتاج إليه من العمّال والأعوان كثير ومن يجمع منهم الذي ذكرت من النصيحة وأصالة الرأي والعفاف قليل,وأعمال السلطان كثيرة والذين يُحتاج إليهم من العمّال والأعوان كثيرون ومن يجمع منهم ما ذكرت من النصيحة والعفاف *قليل,ومن يجمع منهم [الما] *العمّال والنصيحة وأصالة الرأي,,,وأعمال الملوك كثيرة متفرّقة ومن يحتاجون إليه من المكانفين والمعاونين عليها كثير ومن يجمع منهم ما وصفت من النصيحة وإصابة الرأي والعفاف قليل
12,5d4a709f-2d56-4b5f-8aa8-37c74d762ac8,King Must Know Everyone,وإنّما السبب في الوجه الذي به يستقيم العمل أن يكون الملك عالمًا بمودّة من يريد الاستعانة به وبأمورهم وما عند كلّ رجل منهم من الرأي والغناء وما فيه من العيوب,,*** في الوجه الذي يستقيم ولكلّ قوم عمل,وإنّما السبيل إلى إصلاح أمر الملك أن يعرف الملك من يريد الاستعانة عند الناس وما عند كلّ واحد ممّن يختار من الناس من الرأي والمعرفة للملك,وإنّما الرأي في ذلك الوجه الذي يستقيم فيه العمل أن يكون الملك عالمًا بهم وبالأمور التي يُستعان بهم فيها وما عند كلّ رجل من الرأي وما فيهم من العيوب,وإنّما الشكل في ذلك والوجه الذي يستقيم به العمل أن يكون الملك عالمًا بمودّة من يريد الاستعانة به وأموره وما عند كلّ رجل منهم من الرأي السديد والعفاف وما فيه من المساوئ والعيوب
13,a9c79a97-4eb6-43ca-bbd4-22efc520ff96,King Must Choose Suitable People,فإذا *استقرّ ذلك عنده من علمه *أو علم غيره وعَلم ما يستقيم به وجّه لكلّ عمل من قد عرف أن عنده من الأمانة والنجدة والرأي ما يستقلّ بذلك العمل وأنّ الذي فيه من العيب لا يضرّ بذلك العمل ويتحفّظ من أن يوجّه أحدًا في وجه لا يحتاج فيه إلى مروءة وإن كانت عنده ولا *يأمن عيوبه وعاقبته إن كانت بكسرة منه,,,,,فإذا استقرّ ذلك عنده عن علمه أو عَلم من يأتمن به يستقبل به كلّ رجل هيّأ لكلّ عمل من قد عرف نبله وعَلم أن عنده من الأمانة والنجدة والرأي ما يستقبل بذلك العمل وأنّ الذي فيه من العيب لا يضرّ ذلك العمل ويتحفّظ من أن يوجّه أحدًا وجهًا لا يحتاج فيه إلى مروءة وإن كانت عنده ولا يأمن فيه ما يكره منه من عيوبه وعاقبة
14,d92fe786-c9b8-406e-8319-165226fcd34f,King Must Reward and Punish,ثمّ على الملك بعد ذلك تعاهُد عمَّاله والتفقُّد لأمورهم حتّى لا يخفى عليه إحسان محسن ولا إساءة مسيء ولا عاجزًا على العجز والإساءة,,,ثمّ يكافئ المحسن من وزرائه ونصحائه على إحسانه ويردع المسيء عن إساءته,ثمّ على الملك بعد ذلك تعاهد أعمالهم وتفقّد أمورهم حتّى لا يخفى عليه إحسان محسن ولا إساءة مسيء ثمّ عليه بعد ذلك أن لا يترك محسنًا بغير إحسان ولا جزاء ولا ?يقارفا مسيئًا ولا عاجزًا على العجز والإساءة,ثمّ على الملك بعد ذلك تعاهد أعمالهم وتفقّد أمورهم حتّى لا يخفى عليه إحسان محسن ولا إساءة مسيء ثمّ عليه بعد ذلك أن لا يترك محسنًا بغير جزاء ولا يقرّ مسيئًا ولا عاجزًا على ما هما عليه من ذلك
15,7a870c2f-4655-4dfd-9e15-747c3d05e8e6,Lack of Assessment Damages,فإنّهم إن ضيَّعوا ذلك وتهاونوا به تهاون المحسن *واجترأ المسيء ففسد الأمر وضاع العمل,,,,فإنّهم إن تركوا ذلك تهاون المحسن *واجترأ المسيء وفسد الأمر وضاع العمل,فإن [إن] فعل ضيّع ذلك وتهاون المحسن واجترأ المسيء ففسد الأمر وضاع العمل
16,e32d2d17-abcd-4856-9ffb-c7acb03b94ea,Philosopher Mentions Parable,ومثل ذلك مثل الأسد وابن آوى قال الملك وكيف كان ذلك,والمثل في ذلك مثل الأسد وابن آوى قال الملك وكيف كان ذلك,ومثل ذلك الأسد وابن آوى قال الملك وكيف كان ذلك,وفي بعض الأمثال لما سألت عنه شبيه قال الملك وما ذاك,والمثل في ذلك مثل الأسد وابن آوى قال الملك وكيف كان ذلك,وفي بعض الأمثال لما سألت عنه تنبيه قال الملك
17,0bb63b10-5c1f-4f97-838c-688bb773464e,Lion and Jackal Parable,,,,,,
18,6092aba0-6042-42db-b5bd-389acb1ddf27,Philosopher Tells of Pious Jackal,قال الفيلسوف زعموا أنّه كان بأرض كذا وكذا ابن آوى وكان *متألّهًا متعفّفًا وكان مع ذئاب وثعالب وبنات آوى ولم يكن يصنع ما يصنعون ولا يُغير كما يُغيرون ولا يأكل لحمًا,قال الفيلسوف زعموا أنّ ابن آوى كان يسكن في بعض الدجال وكان زاهدًا ناسكًا,قال الفيلسوف زعموا أنّه كان بأرض كذا ابن آوى وكان متألّهًا متعفّفًا في بنات آوى وذئاب وثعالب ولم يكن يصنع كما يصنعون ولا يريق دمًا ولا يأكل لحمًا,قال الفيلسوف ذكروا أنّه كان بأرض الكرخ ابن آوى وكان متألّه ويتعفّف ويكون مع بنات آوى وسائر السباع فلا يفعل ما يفعلن ولا يأكل اللحم,قال الفيلسوف زعموا أنّه كان بأرض الهند ابن آوى وكان يتألّه ويتعفّف ويكون مع بنات آوى والثعالب ولا يصنع ما يصنعون ولا يأكل لحمًا,زعموا أنّه كان بأرض الهند في موضع يُقال له طوايوطين ابن آوى وكان متألّهًا متعبّدًا متعفّفًا وكان مع بنات آوى والثعالب والذئاب وسائر السباع فلم يكن <يصنع> ما يصنعن ولا يغير كما يغيرون ولا يهرق دمًا ولا يأكل لحمًا
19,d671ff0e-69bd-491c-983a-4ab35a9cd5c7,Pack Denounces Jackal,فخاصمته تلك السباع وقلن له لا نرضى بسيرتك ولا برأيك الذي أنت عليه مع أن تألّهك لا يغني عنك شيئًا وأنت لا تستطيع أن تكون كأحدنا فتسعى معنا وتفعل فعلنا فما الذي يشبه كفَّك عن الدماء وتركك اللحم,,فخاصمته تلك السباع وقلن لا نرضى بسيرتك ولا برأيك الذي أنت عليه مع أنّ تألّهك لا يغني عنك شيئًا وأنت لا تستطيع أن تكون كأحدنا فتسعى معنا وتفعل فعلنا,فخاصمته السباع وقلن له إنّا لا نرضى بسيرتك التي أنت عليها مع أنّ تألّهك لن يغني عنك شيئًا وأنت واحد منّا لا تستطيع أن تتغيّر عمّا نحن فيه,فخاصمته تلك السباع وقالوا له إنّه لا نرضى بسيرتك ولا برأيك الذي أنت عليه فأيّ شيء تركك الدنيا وكفّك عن اللحم,فخاصمته تلك السباع وقلن له إنّا لا نرضى سيرتك ولا رأيك الذي أنت عليه ولا خير فيها مع أنّ تألّهك لا يغني عنك شيئًا وأنت لا تستطيع إلّا أن تكون واحدًا منّا تصحبنا وتسعى معنا وتفعل فعلنا *فما الذي يشبه كفّك عن الدماء *وتركك أكل اللحم
20,c00637ad-913e-455d-b65d-ed6950531c39,Jackal Is not Accountable for Pack's Actions,قال ابن آوى إنّ صحبتي إيّاكم لا تؤثمني إن لم آثم من نفسي,,قال ابن آوى إنّ صحبتي إيّاكم لا يؤثمني إذا لم أؤثم نفسي,قال بن آوى إنّ صحبتي إيّاكم لن تؤثمني إذا لم أؤثم نفسي,قال ابن آوى إنّ صحبتي إيّاكم لا *تؤثمني إن لم أؤثمنّ نفسي,قال ابن آوى إنّ صحبتي إيّاكنّ لا يؤثمني إذا لم أفعل ذلك أنا بنفسي ولم أؤثمها
21,1841911b-a366-4793-af44-8a4e010460d9,Sins Depend only on One's Actions,لأنّ الآثام ليست من قِبل الأماكن والأصحاب ولكنّها من قِبل القلوب والأعمال,,لأنّ الآثام ليست من قبل الأماكن والأصحاب ولكنّها من قبل القلوب والأعمال,فإنّ الآثام من قبل القلوب وليس من قبل الأماكن,فإنّ !الأيّام ليست من قِبل الأماكن والأصحاب ولكنّها من قِبل القلوب والأعمال,فإنّ الآثام ليست من قبل القلوب والأعمال
22,05527587-aba6-45fc-bad2-1d7535b06cd5,Sin Is Independent from Place,فلو كان صاحب المكان الصالح يكون عمله فيه صالحًا وصاحب المكان الشرّ يكون عمله فيه سيّئًا إذن كان من قتل الناسك في محرابه لم يأثم ومن استحياه في معركة القتال آثم,,ولو كان صاحب المكان الصالح يكون عمله فيه صالحًا أو المكان السوء يكون عمله *سيّئًا كان فاعل الناسك في محرابه لا يأثم ومن استحياه في معركة القتال آثم,ولو كان ذلك كذلك لكان جديرًا أنّ كلّ من يدنو من بيوت النسّاك لا يأثم,,ولو كان صاحب المكان الصالح يكون عمله فيه صالحًا وصاحب المكان السوء يكون عمله فيه مسيئًا فحينئذ كان يكون من قتل في المساجد لم يأثم ومن استحيا في معارك القتال أثِم
23,40aba089-aaaa-4153-8caf-481afe7ec18d,Jackal's Heart Is Distant from Others,,,وأنا صحبتكم بنفسي ولم أصحبكم منّي قلبًا لأنّي أعلم ثمرة الأعمال,وإنّما صَحِبتكم بنفسي ولن يصحبكم منّي قلب ولا عمل,,وإنّي إنّما أصحبكم بنفسي ولم يصحبكم منّي قلبي ولا عملي لأنّي أعرف ثمرة الأعمال
24,6515bec0-2522-4371-a9b7-3345b4510e59,Lion Meets with Jackal,,,,,,
25,4382eb4c-99f9-484b-a720-a21107503d4d,Lion Hears of Jackal,فثبت ابن آوى على حاله تلك وشُهر بالنسك والتألّه حتّى بلغ من الصدق والعفاف والأمانة أفضل ما بلغ أحد من النسّاك وبلغ ذلك أسدًا كان ملك السباع بتلك الناحية فرغب فيه,قد اشتهرت حاله بين السباع بالنسك حتّى بلغ ذلك أسدًا كان ملك تلك الناحية فرغب في استخدامه وعرف ما بلغه عنه من العفاف والنزاهة والزهد والأمانة,ولبث على ذلك واشتهر بالنسك والعبادة والتألّه في الرأي حتّى بلغ ذلك أسدًا كان ملك السباع بتلك الناحية فرغب فيه وفي الذي بلغه عنه من العفاف والصدق والأمانة,فلبث ابن آوى على حاله واشتهر بالنسك والعبادة حتّى بلغ ذلك أسدًا كان ملك سباع تلك الناحية فرغب فيه لما بلغه عنه من العفاف والصدق والأمانة,فثبت ابن آوى على حاله تلك وشُهر وتألّه فبلغ ذلك ملك السباع بتلك الناحية فرغب فيه وفيما عنده من العفاف والصدق,ثمّ <إنّ> ابن آوى ثبت على حالته تلك واشتهر بالنسك !والثالثة في أمثاله والنبالة في الرأي حتّى بلغ ذلك أسدًا كان ملك سباع بتلك الناحية فرغب فيه وفيما بلغه عنه من العفاف والصدق والأمانة
26,d3ec7d2a-fcf3-434a-89cc-0fbedd770a05,Lion Verifies Jackal's Qualities,وأرسل إليه وكلّمه وفتّشه ودعاه إلى صحبته,فأرسل إليه يستدعيه فلمّا حضر كلّمه وأنسه فلمّا كان بعد أيّام دعاه إليه,فبعث إليه وأتى به وكلّمه,فأرسل إليه فأتاه وكلّمه ثمّ دعاه بعد أيّام إلى منزله,فأرسل إليه ملك السباع فكلّمه ثمّ دعاه بعد أيّام,فأرسل إليه فأتاه وكلّمه !ونابشه فأعجبه ثمّ دعاه بعد أيّام إلى صحبته
27,98b91877-ad84-4d51-a4e9-19e1ce2105d4,Lion Offers Viziership,فقال له إنّ مُلكي عظيم وأعمالي كثيرة وأنا إلى الأعوان محتاج وقد بلغني عنك نبل وعفاف ثمّ قدمت عليّ فازددت بك إعجابًا وفيك رغبة وأنا [وأنا] مولّيك من عملي جسيمًا ورافع منزلتك إلى منزلة الأشراف وجاعل لك منّي خاصّة,وقال له تعلم أنّ مالي كثير وأعواني جمّ *غفير وأنا مع ذلك إلى الأعوان محتاج وقد بلغني عنك عفاف فازددت فيك رغبة وأنا مولّيك من عملي جسيمًا ورافعك إلى منزلة شريفة وجاعلك من خاصّتي,وقال له إنّ مُلكي عظيم وأنا إلى الأعوان محتاج وقد بلغني عنك نبل وعفاف ثمّ قدمت عليّ فازددت فيك رغبة وأنا مولّيك من عملي جسيمًا ورافع منزلتك إلى منزلة الأشراف وجاعلك من خاصّتي,فقال له إنّ مُلكي عظيم وأعمالي كثيرة وأنا إلى الأعوان محتاج وقد بلغني عنك ما أحببت ورأيت تصديق ذلك فازددت فيك رغبة وأنا مولّيك أعمالي وجاعل لك منّي خاصّة ومنزلة,وقال له إنّ مُلكي عظيم وأعمالي كثيرة وقد بلغني عنك نبل وعفاف ثمّ ازددت فيك رغبة وأنا مولّيك من عملي جسيمًا ورافعك إلى منزلة شريفة وجاعلك من خاصّتي,فقال له إنّ مُلكي عظيم وأعمالي كثيرة وأنا إلى الأعوان محتاج وقد ذُكر لي منك نبل وعفاف وفضل ثمّ قدمت إليّ فرأيت فيك تصديق ما بلغني عنك فازددت فيك رغبة فأنا مولّيك من عملي جسيمًا ورافع منزلتك إلى منزلة أهل الشرف والرفعة وجاعل لك منّي مكانًا وخاصّة
28,b656949e-e895-436e-b35d-0d631beab68b,King Must not Impose Service,قال ابن آوى إنّ الملوك أحقّ باختيار الأعوان فيما يهتمّون به من أعمالهم وأمورهم من غير أن يكرهوا على ذلك أحدًا لأنّ المكره لا يستطيع المبالغة في العمل,قال ابن آوى إنّ *الاجتباء للأعوان ممّا يهتمّون به في أمورهم وأعمالهم وهم أحرى ألّا يكرهوا ذلك فإنّ المكره لا يُستطاع بالمبالغة,قال ابن آوى إنّ الملوك أحقّاء باختيار الأعوان فيما يهتمّون به من أعمالهم من غير أن يُكرهوا أحدًا فإنّ المكره لا يستطيع المبالغة في العمل,قال ابن آوى إنّ الملوك محقّون للاختيار للأعوان لكلّ ما يهتمّون به من أمورهم وأن لا !يكرمون أحدًا على ما ليس من شأنه فإنّ المكره لا يستطيع المبالغة في العمل,قال ابن آوى إنّ الملوك أحقّاء باختيار الأعوان فيما يهتمّون به من أمورهم *وأعمالهم وأحقّاء حقًّا لا يُكرهون عليه,قال ابن آوى إنّ الملوك أحقّاء باختيار الأعوان لما يهتمّون به من أمورهم وأعمالهم ولا يكرهوا أحدًا على ذلك ولا على ما ليس من شأنه فإنّ المكره لا يستطيع المبالغة في العمل
29,c1a9e9be-17c1-410d-a393-dbdf100ab86c,Jackal Declines Position,وأنا لعمل السلطان كاره وليست لي به تجربة ولا بالسلطان رفق,وإنّي لعمل السلطان كاره وليس لي به تجربة ولا بأمر السلطان رفق,وأنا لعمل السلطان كاره وليست لي ولا بالسلطان رفق,وأنا لعمل السلطان كاره وليست لي به تجربة ولا للسلطان رفق,وأنا ما لي طاقة ولا قدرة بأعمال السلطان ولا لي به علمًا,وأنا لعمل السلطان مستقلّ كاره وليست لي به تجربة ولا بالسلطان رفق
30,ee226ebf-60cb-4f1a-bfae-cf6251c52972,Lion Has Eager Candidates,وأنت ملك السباع وعندك من أجناس السباع عدد كثير وفيهم أهل نبل وقوّة ولهم على العمل حرص ولهم به رفق فإن استعملتهم أغنوا عنك واغتبطوا لأنفسهم بما أصابوا من ذلك,وأنت ملك *السباع وعندك من أجناس الوحوش عدد كثير فيهم حيل وقوّة ولهم على العمل حرص *وعندهم به رفق وإن أنت استغنيت عنهم [[اغتبطوا]] {استغنوا} لأنفسهم,وأنت ملك السباع عندك من أجناس الوحش عدد وفيهم نبل وقوّة فإن استعنت بهم أعانوك,وأنت ملك وعندك من جنسي وجنس غيري عدد كثير لهم بصر وقوّة وحرص على العمل ورفق وقوّة فإن استعملتهم أغنوا عنك,وأنت ملك السباع كلّها وعندك من أجناسها عدد كثير لهم عقل وأدب وفضل وهم يعلمون من ذلك ما يريده,وأنت ملك السباع وعندك من أجناسها عدد كثير وفيهم أهل نبالة وأصحاب بصائر وقوّة على العمل وحرص ولهم به رفق وفيما تريد رغبة فإن استعملتهم أغنوا عنك واغتبطوا لأنفسهم بما أصابوا منك في ذلك
31,142c0a7d-e58f-4640-8e41-ee7392be93eb,Lion Does not Excuse Jackal,قال الأسد دعْ عنك هذا فإنّي غير معفيك من العمل,قال دعْ عنك هذا فإنّي غير معفيك من العمل,قال الأسد دع هذا عنك فإنّي غير معفيك من العمل,قال الأسد دع عنك هذا فإنّي غير معافيك من الأعمال,قال له الأسد دع عنك هذا الكلام فإنّي غير معافيك من هذه الولاية والعمل,قال الأسد فإنّي غير معفيك من العمل
32,8e3f57f3-5d78-4a67-be24-8f2757a00cda,Two Kinds Serve Kings,قال ابن آوى إنّما يستطيع العمل وصحبة السلطان رجلان لست بواحد منهما إمّا فاجر مصانع ينال حاجته بفجوره ويسلم بمصانعته وإمّا رجل مهين مغفّل لا يحسده أحد,قال ابن آوى إنّما يستطيع خدمة السلطان رجلان لست بواحد منهما إمّا فاجر مصانع ينال حاجته بمصانعته وإمّا مغفّل لا [[يحسده]] {يخشاه} أحد,قال ابن آوى إنّما يستطيع صحبة السلطان رجلان لست واحدًا منهما إمّا فاجر ينال !حليته بفجوره وإمّا رجل مهين غافل,قال ابن آوى إنّما يستطيع صحبة السلطان رجلان لست بواحد منهما إمّا فاجر مصانع ينال حاجته بفجوره ويسلم بمصانعته وإمّا مهين مُغفّل لا يحسده أحد,قال له ابن آوى إنّما يستطيع صحبة الملوك رجلان لست أنا بواحد منهما إمّا فاجرًا مصانعًا وإمّا مهينًا مغفّلًا لا يحسده أحد,قال ابن آوى إنّما يستطيع صحبة السلطان رجلان لست بواحد منهما إمّا فاجر بصانع ينال حاجته بفجوره في العاجل وغدائه في الآجل ويسلم بمصانعته ومداهنته وإمّا رجل مهين مفضّل لا يحسده أحد
33,a33c6dcd-637c-4bf3-a7ae-ed20a401502d,Good Advisor Is Hated,فأمّا من أراد أن يصحب السلطان بالصدق والنصيحة والعفاف لا يخلط ذلك بمصانعة فقلّ ما يستقيم له صحبتهم لأنّه يجمع عليه عدوّ السلطان وصديقه بالعداوة والحسد,فمن أراد أن يخدم السلطان بالصدق والعفاف فلا يخلط ذلك بمصانعته فقلّ أن يسلم على ذلك لأنّه يجتمع عليه نصيحة سلطانه ونصيحة ربّه ونصيحة نفسه ونصيحة الرعيّة,فأمّا من أراد أن يصحب الملوك بالصدق والنصيحة والعفاف لا يخلط ذلك بغيره فقلّ ما تستقيم له صحبتهم ﻷنّه يجتمع عليه عدوّه وصديقه بالعداوة والحسد,فأمّا من أراد أن يصحب الملوك بالصدق والنصيحة والعفاف ولا يخلط ذلك بمصانعة قبل ما يستقيم له صحبتهم فإنّه يجتمع عليه عدوّ السلطان وصديقه بالعداوة والحسد,وأمّا من أراد أن يلزمهم الصدق والنصيحة والعفاف لا يخالط بذلك غيره !فعل من يستقيم له ذلك لأن يجتمع عليه عدوّان الملك ووزرائه بالحسد,قال الأسد دعْ عنك هذا فإنّ من أراد أن يلزم الملوك ويصحبهم بالصدق والنصيحة والغناء والصلح وغير ذلك فلا يخلط ذلك بمصانعة ولا اهتمال فقلّ ما يستقيم وتسلم له صحبتهم لأنّه يجتمع عليه عدوّ السلطان وصديقه بالعداوة والحسد
34,951325ec-3e2b-4362-9d95-cbb0efe0bb14,Threats against Good Advisor,أمّا الصديق فينافسه في منزلته ويبغي عليه فيها ويعاديه وأمّا عدوّ السلطان فيضّغن عليه بنصيحته لسلطانه وغنائه عنه فإذا اجتمع عليه هذان الصنفان كان تعرّض هلاكه,فإذا جمع هذه الأصناف فقد تعرّض للهلاك,أمّا الصديق فينافسه في منزلته ويبغي عليه فيها ويعاديه لها وأمّا المغفّل [[السلطان]] فيضطغن عليه بنصيحته لسلطانه وغنائه عنه فإذا اجتمع عليه هذان الصنفان كان قد تعرّض *للهلاك,أمّا الصديق فينافسه في منزلته وينبغي له فيها ويعاديه لها وأمّا عدوّ السلطان فيضطغن عليه لصحبته لسلطانه وعناية عنه فإذا اجتمع عليه هذان الصنفان فقد تعرّض *للهلاك,أمّا الصديق فينافسه ويبغي عليه وأمّا العدوّ فيظهر له الشماتة ويرصد له ساعة يكون فيها هلاكه فإذا اجتمع إليه الصنفان جميعًا كان هتفًا للهلاك,أمّا الصديق فينافسه في منزلته ويبغي عليه فيها ويعاديه لها وأمّا عدوّ السلطان *فيضطغن عليه لمودّته ونصيحته لسلطانه وغنائه عنه فإذا اجتمع عليه هذان الصنفان كان تعرّض هلاك
35,07399b66-8ae0-450d-be12-4d2c4f342c14,Good Advisor Cannot Last,,,,,,
36,a82c4017-f970-4bea-9606-7f9c27e5dbf4,Lion Promises Jackal Protection,قال الأسد لا يكوننّ بغي أصحابي عليك *وحسدهم لك ممّا يعرض في قلبك فإنّي كافيك ذلك وبالغ بك في الكرامة والإحسان غاية همّتك,قال الأسد لا يكون أحد من أصحابي ببينك وبين ما يعرض في نفسك وأنت معي وأنا أكفيك بعد ذلك وأبلغ في الكرامة همّتك,قال الأسد لا يكوننّ بغي أصحابي عليك وحسدهم لك ممّا يُعرض في قلبك فكأنّي كافيك ذلك وبالغ بك في الكرامة والإحسان بهمّتك,قال الأسد لا يكوننّ بغي أصحابي عليك وحسدهم لك ممّا يعرض في نفسك فإنّي كافيك ذلك وبالغ بك في الكرامة لك والإحسان إليك,قال له الأسد ما يكون بغي أصحابك عليك وحسدهم إيّاك ممّا يزيدك ذلك عندي إلّا إكرامًا فلا *تسأل *عن شيء من ذلك ولا تعبأ,وقال الأسد لا يكوننّ *بغي أصحابي عليك وحسدهم إيّاك ممّا يعرض في نفسك فإنّي كافيك ذلك وبالغ بك في الإكرام والإحسان !تهمتك وأمنيتك
37,8c25de54-4965-4b5f-b454-dcd5f8cd06ec,Jackal Wants to Remain Carefree,قال ابن آوى إذا كان الملك يريد الإحسان بي فيدعني أعيش في هذه البرّيّة آمنًا من أن أُحسد فإنّي قليل الهمّ راضي بمعيشتي من الماء والحشيش,قال ابن آوى إن كان الملك يريد الإحسان إليّ فليدعني في هذه البرّيّة أعيش آمنًا قليل الهمّ أرضى بعيشي من الماء والحشيش,قال ابن آوى إن كان الملك يريد الإحسان فيّ فليتركني أعيش في هذه البرّيّة آمنًا من أن أحسد فإنّي قليل الهمّ راض بمعيشتي من المال الخسيس,*** فليدعني أعيش في هذه البرّيّة قليل الهمّ راض بمعيشتي من الماء والحشيش,به قال له ابن آوى إن كان الملك يريد لي خيرًا فليتركني أعيش في هذه البرّيّة آمنًا مطمئنًّا قليل الهمّ راضيًا بمعيشتي,قال ابن آوى إن كان الملك يريد بي الخير ويتعمّدني بالكرامة والإحسان فليتركني أعيش راضيًا في هذه البرّيّة آمنًا من أن أُحسد قليل الهمّ والنصب راضيًا بمعيشتي من الماء ومن الحشيش
38,7f603305-8b98-4c4b-8a7c-529e29a65819,Kings' Advisors Suffer,وقد علمت أنّ صاحب السلطان يصل إليه في ساعة واحدة من الأذى والخوف ما لا يصل إلى غيره طول دهره,فإنّي قد علمت أنّ صاحب السلطان يصل إليه من الأذى والخوف في ساعة واحدة ما لا يصل إلى غيره في طول عمره,وقد علمت أنّ صاحب السلطان يصل إليه في ساعة واحدة من الأذى والخوف ما لا يصل إلى غيره طول الدهر,فإنّي قد علمت أنّ صاحب السلطان يصل إليه في ساعة واحدة من الأذى والخوف ما لا يصل إلى غيره في طول دهره,لأنّي قد علمت أنّ صاحب السلطان يصل إليه الخير ساعة واحدة ويصل إليه من الأذى والخوف في طول عمره,فإنّي قد علمت أنّ صاحب السلطان يصل إليه في ساعة واحدة من الأذى والخوف ما لا يصل إلى غيره طول دهره
39,2d2b4075-f7ff-467d-bcb6-71ea4360c0d8,Peace over Wealth,وأنّ قليل الغذاء في أمن وطمأنينة خير من كثيره في خوف ونصب,وأنّ قليل العيش في أمن وطمأنينة خير من كثير في خوف ونصب,وأنّ قليل العيش في أمن وطمأنينة خير من كثيره في خوف ونصب,وإنّ قليل المعيشة في أمن وطمأنينة خير من كثيرها في خوف ونصب,فإنّ قليل القوت في أمن *وطمأنينة خير من كثير في خوف ونصب,وإنّ قليل القوت مع العيش في أمن وطمأنينة خير من كثير في خوف ونصب
40,8e6cea03-5b43-4ded-b6a2-8ed2ac7ba032,Lion Reassures Jackal,قال الأسد قد سمعت كلامك فلا تخافنّ شيئًا ممّا أراك *تتخوّفه ولا بدّ من الاستعانة بك,قال الأسد قد سمعت مقالتك فلا تخف شيئًا ممّا أراك تخاف منه ولست أجد بدًّا من الاستعانة بك في أمري,قال الأسد قد سمعت مقالتك فلا تخافنّ شيئًا من ذلك فلا بدّ من الاستعانة بك,قال الأسد قد سمعت مقالتك فلا تخف شيئًا ممّا أراك تتخوّف ولا أرى بدًّا من الاستعانة بك,قال له الأسد قد سمعت مقالتك وفهمت مرادك لا تخاف شيئًا ممّا أراك تذكره فإنّه لا بدّ لي من الاستعانة <بك> على كلّ حال,قال الأسد قد فهمتك وفهمت مقالك وسمعت ما ذكرت فلا تخافنّ شيئًا ممّا أراك تخوفه وتذكره فإنّه لا بدّ من الاستعانة بك
41,5f885503-3177-480d-aac1-c83fb52b80e2,Jackal Gives Conditions for Service,قال ابن آوى إن أراد الملك بي هذا فليجعل لي عهدًا إن بغى عليّ أحدًا عنده ممّن هو فوقي خوفًا على منزلته أو ممّن هو دوني فينازعني منزلتي فذكر عند الملك منهم ذاكر بلسانه أو بلسان غيره ممّا يريد به تحميل الملك عليّ ألّا يعجل عليّ وأن يتثبّت فيما يُرفع إليه ويُذكر له من ذلك ويفحص عنه ثمّ يقضي فيه بما بدا له,قال ابن آوى أمّا {إذ} قد أبى الملك فليجعل لي عهدًا إن بغى عليّ أحد من أصحابه ممّن هو فوقي يخافني على منزلته أو من هو دوني يخافني وينازعني على منزلتي فذكرني عند الملك ذكرًا بلسانه أو على لسان غيره ممّن يريد تحميل الملك عليّ أن لا يعجل في أمري ويتثبّت فيما يُرفع إليه ويُذكر عنده من ذلك ويفحص عنه ثمّ ليصنع ما بدا له,قال ابن آوى أمّا إذا أبى الملك فليجعل لي عهدًا إن بغى عليّ عنده أحد من أصحابه ممّن هو فوقي خوفًا منّي على منزلته أو من هو دوني فينازعني على منزلتي أن يتثبّث فيما رُفع إليه وذُكر له ويفحص عنه ثمّ يقضي فيه بما يريد,قال ابن آوى أمّا إذ أبى الملك فليجعل لي عهدًا إن بغى عليّ أحد من أصحابه ممّن هو فوقي فيخافني على منزلته أو من هو دوني وينازعني منزلتي فذاكر للملك منهم ذاكر بلسانه أو بلسان غيره ممّن يريد تحميل الملك عليّ أن لا يعجل وأن يتثبّت فيما يراجع إليه ويذكر له من ذلك ويفحص عنه ثمّ يصنع في أمري ما بدا له,قال له ابن آوى أمّا إذ أبى الملك إلّا ذلك فليجعل لي عهدًا أنّه لا يقبل عليّ كلام من يغتابني عنده من أصحابه وكلّ من نازعني في مكاني ممّن يريد بذلك مضرّتي لا يقبل الملك منهم ممّا يقولون,قال ابن آوى أمّا إذ أبى الملك إلّا ذلك فليجعل لي عهدًا إن بقي عليّ عنده أحد من أصحابه ممّن هو فوقي فخافني على منزلته أو من هو دوني فنازعني في مكاني ومنزلتي منه فذكر له عن نفسه أو غيره ممّن يريد به تحميل الملك عليّ أن لا يعجل عليّ وأن يُثبت فيما يُرفع إليه ويُذكر له من ذلك ويفحص عنه ثمّ يقضي في ذلك ويصنع ما بدا له
42,cbda7599-922a-443a-a1a3-48f2e83133fc,Jackal Vows Devotion on His Terms,فإذا أنا وثقت من الملك بذلك [من الملك] أعنته بنفسي وعملت له فيما ولَّاني بنصيحة واجتهاد وحرص على أن لا أجعل على نفسي سبيلًا,فإذا وثقت منه بذلك أعنته بنفسي فيما يحبّ,فإنّي إذا وثقت بذلك من الملك أعنته بنفسي وأنا مع ذلك كاره لأنّي أعمل فيما أتولّاه بنصيحة واجتهاد {وحرص على أن لا أجعل} على نفسي سبيلًا,فإذا وثقت بذلك منه أعنته على نفسي وعملت له فيما ولّاني بنصيحة واجتهاد وحرص على أن لا أجعل على نفسي سبيلًا,فإن كنت أيّها الملك لا تقبل في أمري كلام عدوّ ولا حاسد فأنا أقبل ذلك منك وأنا له كارهًا لكنّي أفعل ذلك لرضى الملك ولطاعته,فإنّي إذا وثقت بذلك من الملك أعنته بنفسي وعملت له فيما ولّاني بنصيحة واجتهاد وحرصت على أن لا أجعل له على نفسي سبيلًا
43,ea4b80e4-e1fd-4b66-9067-84c81213e1b6,Lion Commits to Conditions,قال الأسد ذلك لك,قال له لك ذلك وزيادة,قال الأسد فإنّ ذلك لك,قال الملك فإنّ ذلك لك عليّ,فعند ذلك قال له الأسد عليّ ما كان بيني وبينك وأنا موفّيك جميع ما أشرطه على نفسي,قال الأسد فإنّ ذلك لك عليّ
44,4c9a2ad4-8c23-44b9-a6e1-7c4e73fa4faf,Jackal Excels in Position,فولَّاه خزانته واختصَّه دون أصحابه بالرأي والمشورة والمنزلة وازداد به على الأيّام عجبًا فزاده كرامة وعملًا,ثمّ ولّاه خزائنه واختصّ به دون أصحابه وزاد في كرامته,فولّاه خزانته واختصّه دون أصحابه في المشاورة والرأي *والمنزلة وازداد به على الأيّام عجبًا وكرامة,فولّاه خزائنه واختصّه دون أصحابه في المنزلة والمشاورة في الرأي وازداد به على الأيّام عجبًا وزاد كرامة وعملًا,ثمّ ولّاه الأسد عمله ودفع له مفاتيح خزائنه واختصّ له من دون أصحابه في المشورة وفي الرأي فازداد به الأسد على الأيّام إعجابًا وأكرمه كرامة عظيمة وفوّض إليه جميع أموره صغيرها وكبيرها,فولّاه خزائنه واختصّه دون أصحابه في المنزلة والمشاورة والرأي فازداد به على الأنام عجبًا كلّما فحصه وزاده كرامة وفوّض إليه عمله
45,415a7c8c-461d-4265-ae39-9992dcdc6670,Conspiracy against Jackal,,,,,,
46,d2d13e9a-f1dd-4b4a-8e0e-c409cd07868e,Jackal's Status Stirs Jealousy,فثقل ذلك على من كان يطيف بالأسد من قرائبه وأصحابه وعمّاله وعادوه وحسدوه وائتمروا ليحمّلوا عليه الأسد ويهلكوه,فلمّا رأى أصحاب الأسد ذلك غاظهم وساءهم,فثقل ذلك على من يطيف بالأسد من قرابته وأصحابه وعمّاله وعادوه وحسدوه وائتمروا ليحملوا عليه الأسد فيهلكوه,فثقل ذلك على من كان يلوذ بالأسد من قرايبه ووزرائه وأصحابه وعمّاله فعادوه وحسدوه وائتمروا ليحمّلوا عليه الأسد ليهلكوه,قال فلمّا زاد الأسد في إكرام ابن آوى عظم ذلك على كلّ من يطوف بالأسد من ذوي قرابته ووزرائه وأهل دولته فحسدوه على ذلك واتّفقوا عليه ليهلكوه,فثقل ذلك على كلّ من كان *يطيف الأسد ويطوف عليه من قرابته وصحابته وعمّاله فعادوه وحسدوه واتّفقوا ليحمّلوا الأسد عليه فيهلكوه عنده
47,6089aecb-618a-49ef-862a-87650c4d02b4,Schemers Frame Jackal,فلمّا اجتمعوا على ذلك من كيدهم دسّوا ذات يوم للحم كان الأسد استطرفه واستطابه فأمره برفعه في موضع طعامه ليُعاد إليه فسرقوه ثمّ أرسلوا به إلى بيت ابن آوى فخبّئوه في موضع لا يطّلع عليه أحد,فأجمعوا كيدهم وكان الأسد قد أعدّ لحمًا استطابه ثمّ استطرفه فأخذوه من موضعه وحملوه إلى بيت ابن آوى فخبّؤوه فيه ولا علم له به,فلمّا أجمعن على ذلك من كيدهم دسّوا ذات يوم للحم كان الأسد استطرفه واستطابه فأمر بوضعه في موضع طعامه ليُعاد عليه فسرقوه ثمّ أرسلوا به إلى بيت ابن آوى فجنّوه في موضع لا يطّلع عليه أحد,فلمّا أجمعوا على ذلك كيدهم دسّوا يومًا لحمًا كان الأسد قد استطرفه فأمر بوضعه في موضع فسرقوه ثمّ أرسلوا به إلى منزل ابن آوى فخبّئوه فيه مخفيًّا لم يطّلع عليه,ودسّوا له لحمًا كان <الأسد> قد استطابه وكان قد أمره الأسد بالاحتفاظ به فسرقوه *وأنفذوه إلى منزله وخبّؤوه في مكان لا يطّلع عليه أحد,فلمّا اجتمعوا على ذلك من كيدهم دسّوا إلى لحم كان الأسد استظرفه واستطابه وأمره بالاحتفاظ به وكان يرفعه في أحصن موضع طعامه وأحرزها ليُعاد عليه فسرقوه ثمّ أرسلوا به إلى منزل ابن آوى فوضعوه في مكان لا يطّلع هو عليه
48,ac05c1c6-90cd-4f8c-aff8-b5abf366cecd,Scheme Triggers Lion's Rage,فلمّا كان من الغد ودعا الأسد بغدائه فَقَدَ ذلك اللحم والتمسه فلم يجده وابن آوى غائب والقوم الذين أرادوا المكر به حضور فلمّا رأوا الأسد قد احتشد في طلب اللحم وغضب نظر بعضهم إلى بعض,ثمّ حضروا يكذّبوه إن جرّب في ذلك [حال] فسأل عن اللحم وشدّد فيه وفي *المسألة عنه ثمّ نظر بعضهم إلى بعض,فلمّا كان من غد دعا الأسد بغذائه !وقعد ذلك اللحم فالتمسه فلم يجده وابن آوى غائب والقوم اللذين أرادوا المكر به حضور فاحتشد الأسد ولحّ في طلبه حتّى غضب فنظر بعضهم إلى بعض,فلمّا كان من الغد دعا الملك بغدائه فتفقّد ذلك اللحم والتمسه فلم يوجد وغاب ابن آوى وحضر القوم الذين أرادوا أن يكيدوه فلمّا رأوا أنّ الأسد قد اجتهد في طلب اللحم حتّى غضب نظر بعضهم إلى بعض,فلمّا أصبح الأسد دعا بغدائه وفقد اللحم وطلبه فلم يجده وكان ابن آوى قد غاب في بعض أشغاله وحضروا الذين اجتمعوا عليه الأسد فلمّا رأوا الأسد قد غضب وحرد نظر بعضهم إلى بعض,فلمّا كان من الغد ودعا الاسد بغدائه فقدَ ذلك اللحم والتمسه فلم يجده ولم يقدر عليه وغاب ابن آوى وحضر الذين أرادوا به المكر والمكيدة للقذف عليه فاحتشد الأسد في طلب اللحم حتّى غضب فلمّا رأوا ذلك منه نظر بعضهم إلى بعض
49,73837bb4-8b30-42d4-a149-d0b7c079e615,Schemers to Impart Difficult News,فقال أحدهم قول المخبر الناصح إنّه لا بدّ لنا أن نخبر الملك بعلمنا فيما يضرّ به وينفعه وإن شقّ ذلك على من شقّ عليه,فقال أحدهم قول المخبر الناصح إنّه لا بدّ لنا من أن نخبر الملك بما يضرّه وينفعه وإن شقّ ذلك على من يشقّ عليه,فقال أحدهم لا بدّ لنا من أن نخبر الملك عن علمنا فيما يضرّه وينفعه وإن شقّ ذلك على من يشقّ عليه إنّه,فقال أحدهم قول المخبر الناصح إنّه لا بدّ لنا أن نخبر الملك بعلمنا فيما يضرّه وينفعه وإن شقّ ذلك عليه,فقال أحدهم لا بدّ لنا أن نخبر الأسد بذلك وإن شقّ ذلك عليه ونقول له إنّنا,ثمّ قال أحدهم قول المخبر الناصح إنّه لا بدّ لنا من أن نخبر الملك عن علمنا فيما يضرّه وينفعه وإن شقّ ذلك على من شقّ عليه ممّن يكره نشره
50,7d4e556d-cd19-4caf-9656-4d7a8099d922,Schemers Accuse Jackal,إنّه بلغني أنّ ابن آوى كان ذهب باللحم إلى منزله,إنّه بلغني أنّ ابن آوى هو الذي ذهب باللحم إلى منزله,بلغني أنّ ابن آوى ذهب باللحم إلى منزله قال الآخر إنّه كذلك,إنّه قد بلغني أنّ ابن آوى هو الذي ذهب بذلك اللحم إلى منزله,قد بلغنا أنّ ابن آوى قد ذهب بذلك اللحم إلى داره وقد أكله وفضّل به لنفسه عليك,إنّه قد بلغني أنّ ابن آوى ذهب بذلك اللحم إلى منزله فأكله
51,a41d902e-0ff3-46ba-9674-7736c032f48c,Schemers Say Jackal Is Unlikely to Steal,قال آخر أراه شبيهًا أن يكون فعل ذلك ولكن انظروا وافحصوا,قال الآخر لا أراه يفعل ذلك [هذا] ولكن انظروا وافحصوا,,ثمّ قال الآخر ما أراه أن يكون يفعل هذا ولكن انظروا وافحصوا,وقال آخر ما أظنّه يفعل ذلك افحصوا ذلك,قال آخر ما أرى أن يكون هذا شبيهًا ولكن انظروا وافحصوا عن ذلك
52,1a82d8e8-7d35-48ed-9389-c72207185723,Schemers Demand Harshest Punishment,,,,,,
53,fae33004-0565-41c0-b4bc-57b54bdc971d,Character Is Difficult to Know,فإن معرفة الخلائق شديدة,فإنّ معرفة الخلائق شديدة,,فإنّ معرفة الخلائق شديدة,فإنّ معرفة الحقّ شديدة,فإنّ معرفة الخلائق شديدة
54,6e4ed63d-d115-44f8-87ec-02b49c5fe78f,Schemers Suggest Searching Jackal's House,قال آخر أجل لعمري ما تكاد السرائر يُطّلع عليها ولكن إن فحصتم فوجدتم ذلك في منزل ابن آوى فكلّ شيء كان يُذكر لنا من عيوبه وخيانته حقّ وحقيق أن نحذره ونصدّق كلّ ما كان قيل لنا فيه,فقال الآخر لعمري ما تكاد الشدائد تُعرف وأظنّكم إن فحصتم عن هذا وجدتم اللحم ببيت ابن آوى فكلّ شيء يُذكر من عيوبه وخيانته نحن أحقّ أن نصدّقه,,قال الآخر لعمري ما تكاد السرائر تُعرف ولكنّكم إن فحصتم عن هذا فوجدتم ذلك بكلّ شيء يُذكر لنا من عيوبه وخيانته حقّ ثمّ نحن أحقّاء أن نصدّق به,وقال غيره إن كشفتم عن هذا الأمر ووجدتم اللحم في منزل ابن آوى فكلّ ما كان يُذكر لنا من عيوبه حقّ ونصدّق بكلّ ما كان يُقال عنه,فقال آخر أجَلْ لعمري !بإنكاد السرائر يُطّلع عليها ولكنّكم إن كشفتم عن هذا الأمر وفحصتم *فوجدتم ذلك اللحم في منزل ابن آوى كان ذلك دليلًا على غيرته وكلّ شيء يُذكر لنا من عيوبه وخياناته حقّ ونحن حذرًا أن نحذره ونصدّق بكلّ شيء يُقال عنه وفيه
55,d300debb-7ffb-4d0d-8958-b7f9c92f9355,Schemers Say Trickery Is always Exposed,فقال آخر كيف يسلم من حبائل السلطان وكيف يخفى ذلك له ومخاتلة الأصحاب لا تكاد تخفى,,وقال الآخر كذلك من خاتل السلطان,قال آخر ما ينبغي لأحد أن يغترّ بما يعلم من نفسه فإنّ المخاتلة لا يسلم صاحبها ولا *مخاتلته قال آخر وكيف يسلم من خاتل السلطان وكيف ذلك ومخاتلة الأصحاب لا تكاد تخفى,,قال آخر وكيف يسلم من خاتل السلطان أو كيف يخفى ذلك عليه [وله] *ومحتال الأصحاب لا يخفى
56,8a087061-ffb3-4d3f-a7cd-844a2a9d65c3,Schemers Claim that Suspicions Are Confirmed,قال آخر لقد أخبرني مخبر عن ابن آوى بأمر عظيم فما وقع في نفسي حتّى سمعت كلامكم قال آخر لم يخفى عليّ أمره وخبثه أوّل ما رأيته وقد قلت *مرارًا واستشهدت فلانًا أنّ هذا المخادع المتخشّع يوشك أن يُفتّش عن خيانة فاحشة وذنب عظيم,,وقال آخر أخبرني المخبر الصادق عن ابن آوى بأمر عظيم,قال آخر إن كان ابن آوى فعل هذا اجترأ على عظيم قال آخر لعمري ما كان يخفى عليّ خبثه وأمره أوّل ما رأيته ولقد قلت مرارًا واستشهدت فلانًا أنّ هذا المخادع المتنسّك ليس يعيش إلّا عن خيانة وفاحشة وذنب عظيم,وقال غيره أخبرني مخبر عن ابن آوى بأمر عظيم فما وقع ذلك في مسامعي إلّا في يومي هذا وقال غيره قد قلت لكم مرارًا إنّ هذا المخدوع ما سلم من الخيانة ولا من الفواحش ولا من الذنوب,قال آخر إن كان ابن آوى فعل ذلك لقد اجترأ على أمر عظيم قال آخر لقد أخبرني مخبر عن ابن آوى بأمر عظيم ما وقع في نفسي حتّى سمعت كلامكم فيه قال آخر لكنّي لم يخف عليّ أمره وخِبّه أوّل ما رأيته وقد قلت مرارًا ذلك وأشهدت فلانًا أنّ هذا هو المخادع المتخشّع المتنسّك ولن يفتشي إلّا عن خيانة فاحشة وذنب
57,4487a52f-8c80-4282-85dd-cdc746bfd290,Schemers Find False Piety Damning,قال آخر *لئن كان هذا *المتألّه المتخشّع الذي يرينا أن عمِل عمَل النسّاك خان هذه الخيانة إنّ ذلك لمن أعجب العجيب,,,قال آخر لئن كان هذا المتألّه المتخشّع الذي يرينا عمله صنع هذا إنّ هذا من العجب,,عظيم قال آخر لئن كان هذا المتألّه المتخشّع الذي يرينا أنّ عمله الذي يلي بلاء عليه ومصيبته له *خان هذه الخيانة إنّ ذلك لمن أعجب العجب
58,4d781da5-dd16-4a13-9679-eb5305343061,Schemers Say Jackal Is an Ungrateful Traitor,قال آخر لئن وُجد هذا الأمر حقًّا فإنّها ليست خيانة فقط بل مع الخيانة كفر النعمة والجرأة على الذنوب,قال الآخر *لئن وجدنا هذا حقًّا ما هي بالخيانة ولكن مع الخيانة كفر النعمة والجرأة على الملك,وقال آخر إنّ هذه خيانة عظيمة,قال آخر لئن وجدنا هذا حقًّا فما هذا بالخيانة فقط ولكن مع الخيانة كفر النعمة والجرأة على الذنوب,,قال آخر لئن وُجد هذا حقًّا ما هي بالخيانة فقط بل مع الخيانة كفر النعمة والجرأة على الذنوب
59,a7bd9e24-c927-4933-a45c-35dd99602fa5,Schemer Feigns Objectivity,قال آخر أنتم أهل العدل والفضل ولا أستطيع أن أكذّبكم ولكن يستبين صدق هذا من كذبه,قال الآخر أنتم أهل العدل والفضل لا أستطيع أن أكذّبكم,,قال آخر أنتم أهل العدل والفضل فلا أستطيع أن أكذّبكم ولكن *سيستبين صدق هذا وكذبه,وقال غيره الحقّ أقول لكم ما يتبيّن لي أحقّ هذا أو باطل,قال آخر أنتم أهل العدل والفضل والصدق فلن أستطيع أكذّبكم ولكن نستبين صدق هذا وحقّه من باطله
60,f4b632c4-483b-4cf8-8fb7-90b22725b9ce,Schemers Urge Quick Investigation,ولو قد أرسل الملك إلى بيت ابن آوى فتّشه قال آخر إن كان منزله مفتّشًا فالعجل فإنّ عيونه وجواسيسه مبثوثة بكلّ مكان,ولكن سيبين هذا لو أرسل الملك إلى بيته من يفتّشه,وقال آخر إن كان منزله يفتّش فالعجلة ليطّلع الملك على أمره وخيانته وخبثه,لو قد أرسل الملك إلى بيته فيفتّش قال آخر إن كان منزله غير مفتّش فليعجل بذلك فإنّ عيونه وجواسيسه بكلّ مكان,حتّى نرسل إلى ابن آوى قبل علم الأسد به ونفتّش بيته فحينئذ نتبيّن حيلته وخيانته,أو قد أرسل الملك إلى بيت ابن آوى وفتّشه قال آخر إن كان منزل ابن آوى ولا بدّ مفتّشًا فالعجل بذلك فإنّ عيونه وحواسّه مبثوثة بكلّ مكان
61,3f2654c5-d616-405d-bc12-a0bf74ff32e1,Schemers Say Jackal Will Manipulate Lion,قال آخر قد علمت أنّ ابن آوى لو فُتّش منزله واطُّلع على عيوبه وخيانته سيحتال بمكره حتّى يشبه على الملك فيعذره,,,قال آخر إنّي قد عرفت أنّ ابن آوى لو فُتّش منزله واطُّلع على خيانته لاحتال بمكره وخبثه حتّى يُشبّه على الملك فيعذره,,قال آخر إنّي قد علمت أنّ ابن آوى لو قد فُتّش منزله فاطُّلع على خيانته لاختال بخبّه ومكره حتّى تشبّه على الملك فيعذره ويكذّب بذلك ويكفّ عنه
62,8556332f-2eca-454a-8b48-542a92f7ef52,Schemers Incite Lion's Suspicion,فلم يزالوا بهذا الكلام وأشباهه حتّى وقع ذلك في نفس الأسد وحقّق الاتّهام لابن آوى,ولم يزالوا بهذا الكلام وأشباهه حتّى وقع في نفس الأسد ذلك,فلم يزالوا بهذا الكلام وشبهه حتّى أوقع ذلك في نفس الأسد الاتّهام,فلم يزالوا بذلك الكلام ونحوه حتّى وقع في نفس الملك,قال فلم يزالوا بهذا الكلام وأشباهه حتّى وقع في نفس الأسد اتّهام ابن آوى,فلم يزالوا بهذا الكلام وأشباهه حتّى وقع ذلك في نفس الملك الذي هو الأسد واتّهامه لابن آوى
63,cae1aadf-b8bb-4f0d-8125-4e0f6128705c,Lion Asks Jackal about Meat,فدعا به فقال ما صنعت باللحم الذي أمرتك بالاحتفاظ ?به قال دفعته إلى فلان صاحب الطعام,فأمر بابن آوى فحضر فقال له أين اللحم الذي أمرتك بالاحتفاظ به قال دفعته إلى صاحب الطعام ليقرّبه إلى الملك,فدعا بابن آوى فقال له ما صنعت باللحم الذي أمرتك بحفظه <قال> دفعته إلى فلان صاحب الطعام ليقرّبه إلى الملك,فأمر بابن آوى فدُعي به فقال له ما صنعت باللحم الذي أمرتك بالاحتفاظ به قال دفعته إلى فلان صاحب الطعام ليقدّمه,فدعا به الأسد فأتى إليه وهو لا يعلم بشيء من ذلك لأنّه ما عنده من ذلك خبر ولا علم فعند ذلك قال له الأسد ما صنعت باللحم الذي قد كنت أوصيتك به قال له ابن آوى دفعته إلى صاحب الطعام,وأمر فدعا ابن آوى فقال ما صنعت باللحم الذي أمرتك بالاحتفاظ به قال دفعته إلى صاحب الطعام ليقرّبه إلى الملك عند غذائه
64,7527c332-4171-45b1-9636-ca2b71922633,Lion Asks Steward about Meat,وكان ممّن تابع القوم فسأله الملك عن اللحم فقال ما دفع إليّ شيئًا,فدعا بصاحب الطعام وكان ممّن شايع وبايع مع القوم فقال ما دفع إليّ شيئًا,فدعا الملك بصاحب الطعام وسأله فأنكر خوفًا,وقد كان ممّن شاتع القوم فقال ما دفع إليّ شيئًا,وكان ممّن اتّفق معهم عليه فسأله الأسد فقال ما دفع لي شيئًا,فدعا صاحب الطعام وكان ممّن شايع القوم وساعدهم على أمرهم فسأله عن اللحم فقال ما أعطاني شيئًا
65,4ef3eac6-0132-4208-b6d0-815847897f0a,Meat Is Found in Jackal's House,فوجّه الأسد أمناءه إلى بيت ابن آوى فوُجد اللحم في بيته فأتوا به الأسد,فأرسل الأسد أمينًا إلى بيت ابن آوى ليفتّشه فوجد فيه ذلك اللحم فأتى به الأسد,فبعث الأسد إلى بيت ابن آوى من بعثه فوجدوا اللحم,فبعث الأسد أمناءه ليفتّشوا بيت ابن آوى فوجدوا ذلك اللحم فيه فأتوا به الأسد,فعند ذلك بعث الأسد إلى منزل ابن آوى على غفلة لعلّه أن يجد اللحم عنده وكان ابن آوى آمنًا على نفسه من ذلك السبب وما كان يتكلّم في شيء من ذلك وكان عند الأسد من العدول فشهدوا بأنّ اللحم قد وجدوه عند ابن آوى,فبعث الأسد أمناءه ليفتّشوا منزل ابن آوى فلمّا وصلوا إلى المنزل شمّوا فيه رائحة اللحم لأنّها لا يخفى عليها ريح أبدًا والكلاب كذلك فدخلوا البيت فوجدوا اللحم فيه فأتوا به الأسد
66,c595cd55-b40f-422a-bd61-2e7c8fdbbe29,Wolf Steps In,فدنا إلى الأسد ذئب لم يكن ليتكلّم بشيء من تلك الأمور وكان يظهر أنّه من أهل العدل الذين لا يتكلّمون إلّا فيما صحّ عندهم واستبان لهم أنّه حقّ,فدنا من الأسد ذئب لم يكن تكلّم في شيء من ذلك وكان يظهر أنّه من العدول الذين لا يتكلّمون في شيء من ذلك حتّى يستبين له,,فدنا من الأسد ذئب وكان لم يتكلّم في شيء من ذلك ولا كان شائع فيه وكان يُظهر أنّه من العدول الذين لا يتكلّموا إلّا فيما استبان لهم,,فدنا من الأسد ذئب لم يكن تكلّم في شيء من تلك الأمور وكان يُظهر أنّه من العدول الذين لا ينطقون إلّا فيما استبان لهم أنّه الحقّ
67,ece57f3b-515b-4803-bd63-9d7ff678a672,Jackal Pleads Innocence,,,فحلف ابن آوى بالأيمان المغلّظة أنّه ما خبّأه ولا يعلم من تركه خوفًا,,,
68,2eac0523-c163-4048-b73e-a8c4c3387f74,Lion Must Punish Jackal,فقال أمّا إذا اطّلع الملك على خيانة ابن آوى فلا يعفو عنه فإنّه إن عفا عنه لم يعد أحد يطلع الملك على خيانة خائن ولا ذنب مذنب,فقال بعد أن اطّلع الملك على خيانة ابن آوى فلا يعفو عنه فإنّه إن عفا عنه لم يطّلع الملك بعدها على خيانة خائن ولا ذنب مذنب,,قال للأسد أمّا إذا اطّلع الملك من ابن آوى على مثل هذه الخيانة فلا يعفو عنه فإنّه إن عفا عنه لم يعد أحد أن يطلع الملك على خيانة خائن وذنب مذنب,فقال بعض العدول أيّها الملك قد اطّلعت على خيانة ابن آوى فلا ينبغي للملك أن يعفو عنه فإن لم يفعل الملك من أمره شيئًا لم يطلعه أحد على جناية لجاني ولا ذنب مذنب,فقال للأسد أمّا إذا اطّلع الملك على خيانة ابن آوى هذا الخبيث فلا يعفونّ عنه فإنّه إن لم يعاقبه لم ينته المسيء عن إساءته ولم يرغب المحسن في إحسان ولم يظهر الملك على خيانة خائن ولا ذنب مذنب
69,9216c715-ec6f-430e-af97-7db9e8eb9df0,Lion Has Jackal Arrested,فأمر الأسد بابن آوى أن يُخرج من عنده ويُحتفظ به,فأمر الأسد بابن آوى أن يُخرج ويُحتفظ به,,فأمر الأسد بابن آوى أن يُخرج من عنده ويُحتفظ به,قال فعند ذلك أمر الأسد بابن آوى أن يُخرج من عنده وأن يُتحفّظ به,فأمر الأسد بابن آوى أن يُخرج من عنده ويُحتفظ به
70,69975cb5-4b0b-45c2-97cb-ceec6e7a35a7,Courtiers Are Amazed at Lion's Unawareness,فقال عند {ذلك} بعض جلساء الأسد إنّي لأعجب من رأي الملك ومعرفته بالأمور كيف يخفى عليه أمر هذا ?المخادع,فقال بعض جلساء الملك إنّي ﻷعجب من رأي الملك ومعرفته بالأمور كيف يخفى عليه أمر هذا ولم يعرف خِبّه ومخادعته,,وقال عند ذلك بعض جلسائه إنّي ﻷعجب من رأي الملك ومعرفته بالأمور وكيف خفي عليه أمر هذا فلم يعرف خبثه ومخادعته,فقال بعض وزراء الملك إنّي ﻷعجب من رأي الملك ومعرفته بالأمور كيف خفي عليه أمر هذا الفاجر وحيلته ومكره ومخادعته,فقال عند ذلك بعض جلساء الأسد إنّي ﻷعجب من رأي الملك ومعرفته بالأمور كيف خفي عليه أمر هذا ولم يعرف خِبّه ومخادعته
71,f3c9b61c-6179-4854-ba5c-d95962952451,Courtiers Expect Jackal's Pardon,وقال آخر فأعجب من هذا أنّي لا أراه إلّا سيصفح عنه بعد الذي ظهر عليه منه,وأعجب من هذا أراه سيصفح عنه بعد الذي ظهر منه,,قال آخر ما عجبت من هذا إلّا أنّي أراه سيصفح عنه بعد ما ظهر منه الذي ظهر,,قال آخر أعجب من ذلك أنّي لا أرى الأسد إلّا سيصفح عنه بعد الذي ظهر عليه منه
72,01cccba3-157e-45c2-88e8-d8d6da88c74e,False Message and Death Sentence,ثمّ إنّ الأسد أرسل إلى ابن آوى بعضهم لينظر ما يكون من عذره فجاء الأسد منه برسالة كذب فغضب الأسد من ذلك وأمر بابن آوى أن يُقتل,فأرسل رسولًا إلى ابن آوى يلتمس منه العذر فرجع إليه الرسول برسالة كاذبة فغضب الأسد من ذلك وأمر به أن يُقتل,,فأرسل الأسد بعضهم رسولًا إلى ابن آوى يسأله عن عذره فأرسل إليه برسالة خرقها الرسول فأغضبه للأسد فأمر بابن آوى أن يُقتل,ثمّ إنّ الأسد أرسل بعضهم إلى ابن آوى وسأله في أمره فرجع إليه برسالة كذب فيها الرسول فعند ذلك غضب الأسد على ابن آوى وأمر بقتله,ثمّ إنّ الأسد أرسل بعضهم إلى ابن آوى فسأله عن أمره وغدره فرجع إليه برسالة كاذبة اخترعها الرسول فغضب منها الأسد وأمر بابن آوى أن يُقتل
73,6c59aaf3-858c-4cf8-b0cb-3843a81f742d,Mother’s First Speech,,,,,,
74,cf7d93d4-c743-4e80-b80d-bacbdf16d02b,Lion's Mother Delays Execution,وبلغ ذلك أمّ الأسد فعلمت أنّ الأسد قد عجل في أمره فأرسلت إلى الذين أُمروا بقتله أن يؤخّروه,فلمّا عرفت أمّ الأسد ذلك علمت أنّه قد عجل في أمره فأرسلت إلى الذين أُمروا بقتله أن يؤخّروه,,فلمّا بلغ ذلك أمّ الأسد عرفت أنّ الأسد قد عجّل في أمر ابن آوى فأرسلت إلى الذين أُمروا بقتله أن يؤخّروه,فبلغ ذلك أمّ الأسد فأرسلت إلى الذين أمرهم بقتله وأمرتهم أن يؤخّروه,وبلغ ذلك أمّ الأسد فعرفت أنّ الأسد قد عجل عليه في أمره فأرسلت إلى الذين أُمروا بقتله أن يؤخّروه حتّى تدخل إلى الأسد ففعلوا
75,38e75f5a-fb37-4db5-8a18-fed199b2f643,Mother Questions Lion,ودخلت على الأسد فقالت له لأيّ ذنب أمرت بابن آوى أن يُقتل فأخبرها الأسد بالأمر فقالت له قد عجلت يا بنيّ,ودخلت على ابنها فقالت يا بنيّ بأيّ ذنب أمرت بقتل ابن آوى فأخبرها بالأمر فقالت يا بنيّ عجلت,,فدخلت على ابنها فقالت لأيّ ذنب أمرت بابن آوى أن يُقتل فأخبرها الأمر فقالت عجلت أي بنيّ,ودخلت على الأسد مسرعة وقالت أيّها الملك ما فعل من الذنب عرّفْني ولا تسمع من الكلام المفسود فلِم أمرت بقتله فأخبرها خبره من أوّله إلى آخره فقالت له يا ولدي قد عجلت في أمر ابن آوى,ودخلت على ابنها فقالت له لأيّ ذنب أمرت بابن آوى أن يُقتل فأخبرها الأسد بالأمر فقالت قد جعلت العجلة عليه
76,1567dfbc-e8df-4451-9b86-554eff28e936,The Intelligent Deliberates,وإنّما يسلم العاقل من الندامة بترك العجلة والأناة والتثبيت,وإنّما يسلم العاقل من الندامة بترك العجلة والتثبّت,,وإنّما يسلم العاقل من الندامة بترك العجلة والأناة والتثبّت,إنّما سُمّي العاقل *عاقلًا إذا أخذ في أمره بالأناة,وإنّما يسلم العاقل من الندامة بترك العجلة وبالأناة والتثبّت في الأمور كلّها
77,3224dea6-1cc6-49fe-8493-3d425d7e846c,Haste Causes Regret,ولا يزال يجتني ثمرة الندامة وضعف الرأي من لم يتثبّت في الأمور,والعجلة لا يزال صاحبها يجني ثمر الندامة وضعف الرأي,,والعاجل لا يزال يجتني ثمرة الندامة وضعف الرأي,وأمّا العجلة لا يزال صاحبها يجني منها ثمرة الندامة أبدًا,لأنّ العجلة لا يزال صاحبها يجتني منها ثمرة الندامة وضعف الرأي
78,6bb5d34a-1d1d-457a-a338-879fc105c092,Kings Need Deliberateness Most,وليس أحدًا أحوج إلى التؤدة والتأنّي من الملوك,,,وليس أحد أحوج إلى التؤدة من الملوك,وليس أحد أحوج إلى التأنّي من الملوك لأنّ الملوك تحتاج إلى ذلك,وليس أحد أحوج إلى التودّد والتثبّت من الملوك
79,9dd3c5ae-4473-4ee5-b95c-92fc08600709,Chain of Dependence up to King's Virtues,فإنّ المرأة بزوجها والولد بوالديه والمتعلّم بالمعلّم والجند بالقائد والناسك بالدين والعامّة بالملوك والملوك بالتقوى والتقوى بالعقل والعقل بالتثبّت,,,فإنّ المرأة بزوجها والولد بوالديه والمتعلّم بالعلم والجند بالقائد والناسك بالدين والعامّة بالملوك والملوك بالتقوى والعقل والتقوى بالتثبّت,,فإنّ المرأة بزوجها والولد بوالديه والمتعلّم بمعلمّه والصاحب بصديقه والجند بالقادة والناسك بالدين والعامّة بالملوك والملوك بالتقوى والعقل بالتثبّت والأناة
80,0ec376d8-793f-4556-a68a-de2d03e73868,King to Consider People's Ranks,ورأس الحزم للملك معرفة أصحابه وإنزاله إيّاهم منازلهم واتّهام بعضهم على بعض,,,ورأس الحزم للملك معرفة أصحابه وإنزالهم منازلهم وإتمام بعضهم على بعض لئلّا يجد بعضهم إلى بعض سبيلًا,والصبر رأس العلم لأنّ الملك ينبغي له معرفة أصحابه وإنزاله إيّاهم منازلهم وإبهام بعضهم على بعض,ورأس الحلم والحزم للمَلك معرفة أصحابه وإنزاله إيّاهم منازلهم واتّهامه بعضهم على بعض
81,e5e90f8e-9780-4012-ae3e-96b37122d48d,People Scheme against Each Other,فإنّه إن وجد بعضهم إلى هلاك بعض سبيلًا وإلى تهجين بلاء المبتلي وإحسان المحسنين والتغطية على إساءة المسيئين لم يدعوا ذلك وذلك سريعًا في إضاعة الأمر وجلب عظيم الخطر والضرر,,,فإنّهم يلتمس بعضهم هلاك بعض وإظهار إساءة المسيء وإخفاء إحسان المحسن,,فإنّهم إن وجد بعضهم إلى هلاك بعض سبيلًا وإلى تهجين بلاء المسلمين وإحسان المحسنين والتستّر على إساءة المسيئين لم يدعوا ذلك ولم يكن لهم فيه رويّة *ولا مراقبة وذلك سريع في ضياع الأمر وانتشاره وجلب عظيم الضرورة والعيب
82,df72a430-893d-4037-8f29-eede7eabd1cd,King to Be Aware of Schemes,,,,,والملك أحقّ بالنظر إلى أمورهم من تحمّل بعضهم على بعض فيدخل على الملك ما يتحدّث به العدوّ والجاهل,والملك حقيق أن يتعاهد من ذلك ما يجب عليه لئلّا يركب من أحد منهم مأثمًا يحتمل فيه إصرًا ووزرًا فينشر ذلك عنه ويتسامع به من ورائه فيدخل عليه منه ما الجميل ?يغيّره
83,5c93db91-ec6b-41a3-b0bf-bff3d106fe1b,Mother Finds Accusation Absurd,فأمرت بقتله في طابق من لحم فقدته,وما كان من رأي الملك أن يعجل عليه لأجل طابق لحم,فقالت له أمّ الأسد إنّ هذا كذب ... ومكر,أن يفعل به الذي يفعل في طابق لحم لا يستيقن *الأمر فيه,وقد عجبت من الملك كيف يقتل ابن آوى على شيء ما له قدر ولا قيمة,وقد عجبت من أمر الملك تقتل ابن آوى في طابق لحم بعد خبرته بأمره
84,b9d92cc5-5193-45a7-8436-0c8e1e5cd2b7,Lion Tested and Praised Jackal,,,,وبعد ما كان من ثناء الملك عليه على رؤوس جنده,من بعد ما جرّبت أمره ومعرفته وقد بان لك من فضله وأمانته وخدمته ومناصحته لك في جميع أعمالك *وثنائك عليه عند جندك وبيده بيوت أموالك كلّها من صغيرها وكبيرها,وبعد ما كان من ثنائك على رؤوس جندك عليه
85,4b99ec4f-79df-405f-89ac-f042e74cdcd5,Lion Tested and Approved Jackal,وقد كنت بلوت ابن آوى واختبرته قبل استعانتك به وتفويضك إليه فلم *تزل عنه راضيًا تزيدك الأيّام له استصلاحًا وإليه استرسالًا وفيه رغبة,,,,,وقد كنت بلوت ابن آوى واختبرت أدبه ومروءته قبل استعانتك به وتفويضك إليه فلم تزل عنه راضيًا تزيدك الأيّام استصلاحًا إليه وفيه رغبة واسترسالًا
86,d49f0a61-cc25-41bf-9134-c4b50c05655c,Jackal Has Shown Integrity,,وليس ينبغي للملك بعد ارتضائه إيّاه وائتمانه له منذ *مجيئه وإلى الآن لم يطّلع له على خيانة إلّا على العفّة والنصيحة,,فليس ينبغي للملك بعد ارتضائه ابن آوى وائتمانه إيّاه ورضاه عنه منذ صَحِبه إلى اليوم هذا لم يطّلع منه على خيانة ولم يظهر منه إلّا الوفاء والنصيحة والأمانة,,فليس ينبغي لك أيّها الملك بعد ارتضائك وائتمانك إيّاه ورضاك به وأنّك لم تجد عليه عثرة إلى يومه هذا ولم تعرف منه إلّا الأمانة والنصيحة
87,7d22d804-148a-4eca-a854-d5adb2679771,Mother Warns of Conspiracy,فعسى أصحابك أن يكونوا قد أرموه من ذنبه باطلًا لحسدهم له وتعاونهم عليه,,,,ثمّ تتّهمه بعد ذلك بشيء لعلّه ما فعله ولعلّ هذا †من فعل وزرائك لحسدهم إيّاه على محبّتك له,وعسى أصحابه يكونوا قد ألزموه من ذنبه باطلًا بحسدهم وتعاونهم عليه وقد عرفت أيّها الملك *خلقه وأمانته بعد خبرة بأمره ولست حقيقًا *بتهجينه وانتقامه عمّا كان عليه منه لتحميل من يحلّ به من أهل الشرارة وسوء الرؤية من وزرائك
88,54a09d85-0d76-4f9d-85a6-aeb931da17bb,Kings Must not Delegate Their Own Duties,واعلم أنّ الملوك إذا وكّلوا إلى غيرهم ما ينبغي لهم مباشرته بنفوسهم وألزموا نفوسهم ما ينبغي لهم تفويضه إلى الكفاة ضاعت أمورهم ودعوا إلى الفساد أنفسهم والملوك,,,فإنّ صاحب السلطان إذا وكّل ما ينبغي له مباشرته بنفسه من الأعمال إلى غيره وباشر منها ما كان ينبغي له أن يليه غيره ورث من عمله ذلك الندامة وأصابه منّا الضرّ الكثير,,وإنّ الملك إذا أغفل من أمره ما هو حقيق *بمباشرته وألزم نفسه مباشرة ما ينبغي تفويضه إلى الكفاءة دخل عليه من مضرّة ذلك ما يكره عاقبة إذا نظر في مغيبها واستبان له خطل رأيه فيه وضاعت أموره ودعا *العار إلى نفسه
89,4c578e2d-a078-4e61-9df0-e461b64eb620,Kings' Inattention Is Harmful,,,,,فإنّ الملك إذا فعل ذلك وتهاون به دخل عليه من ذلك مضرّة لما يعلم به من خطأ رأيه وصواب ذلك فيه,
90,3e427f9a-b748-4745-9b08-5136743a1583,Kings Should Investigate in Various Ways,يحتاجون إلى النظر في وجوه شتّى فإذا آثروا النظر في بعض تلك الوجوه على بعض لم يأمنوا خطأ البصر وذلك الرأي,,,,,والملوك يحتاجون إلى النظر في وجوه شتّى من الأمور فإذا آثروا النظر في بعض تلك الوجوه على بعض لم يأمنوا أخطاء البصر وزال الرأي
91,fda11ac7-4b15-416a-8aa5-b5bef376474a,Courtiers Must Avoid Mistakes,,,,,,
92,ca0328a8-3f60-4cde-ac6a-36d3a3351280,Deliberateness Prevents Regret,,,,,ومن لم †يستبن في الأمور ويتأيّد فيها كان جناية ثمرته الندامة,ومن لم يستبان في أمره *ويتأنّ فيه كان ثمرة جناية الندامة
93,32301420-1c14-46a4-a746-c3f5ebad283e,Vision Alone May Deceive,,,,,ومن لم ينظر في أمره نظر متفكّر معتبر كان نظره,ومن لم ينظر فيه نظر متفكّر معتبر أصابه منه الضرّ الشديد مع ما يلحقه منه العار والمنقصة
94,cc15bba3-754e-4ebe-ba59-1f9174dc8aeb,King Must Investigate Thoroughly,,,,ولكن ينبغي لهم أن لا يدعوا شيئًا يليه غيرهم ممّا *تصل إليه عاقبته إلّا التمسوا معرفته,,فالواجب على الملوك أن لا يدعوا شيئًا يليه غيرهم ممّا يصل إليهم فما سواه إلّا التمسوا معرفة ذلك واختبروه بتثبّت وإتقان
95,ee4e8d22-1d15-41a1-843b-209d09ada07e,Meat Is Tested with Three Senses,,,,كاللحم الذي لا ينبغي أن يرضى بحسن بنظره دون معرفة رائحته,,كاللحم الذي لا ينبغي أن يُرضى بحسن منظره دون معرفة رائحته وطعمه فإنّه ربّما حال منه اللون فلا يكون طعمه ورائحته موافقًا للونه
96,d03577ad-83d6-400f-82df-4b540ccbd2da,Wine Is Tested with Three Senses,كصاحب الخمر الذي أراد شراءها احتاج إلى اختبار لونها وطعمها وريحها فإن هو <آثر> بالاختبار بعض ذلك دون بعض لم يأمن الغبن والخسران,,,,,وكصاحب الخمرة الذي إذا أراد اشتراءها احتاج إلى اختبار لونها وطعمها وريحها فإن هو آثر بالاختبار بعض ذلك لم يأمن الغبن والخسران
97,704371a0-2603-4ea6-bd3a-1bc6005e3be0,Imaginary Hair in Eye Taken for Real,وكالرجل الذي يرى بين عينيه شعر وليس بشعر فلا يتثبّت في القضاء أنّه ليس بشعر من المرض ويعلم أنّه لو كان شعرًا أبصره غيره كما أبصره هو لتحيّره ومرضه,,,وكالرجل الذي يكون بين عينيه كالشعرة فإذا نظر بعقله عَلِم أن لو كانت شعرة رآها غيره ممّن ينظر إليه كما رآه هو,كنظر الذي في عينيه شيء *ثمّ يُخيلّ إليه أنّ بينهما †كهيئة شعرة معلّقة,وكالرجل الذي يكون في عينيه ريح السمادير فخُيّل إليه لها أنّ بينهما كهيئة الشعرة المعلّقة ولا يتثبّت في القضاء أنّه ليس بشعر ولو أبصر بعقله عَلِم أنّه لو كان شعرًا أبصره غيره كما أبصره هو لتحيّره وتغيير مرضه
98,25160e8f-938a-4f45-b7a6-75c9788adc3e,Firefly Is Mistaken for Fire,وكاليراعة يراها الجاهل في ظلمة الليل فيقضي عليها بالمعاينة قبل أن يلتمسها أنّها نارًا فإذا التمسها تبيّن له خطأ قضائه,,,وكالبعوضة التي يراها الرائي بالليل كأنّها نارًا فإذا رآها غيره من العقلاء عَلِم أنّها ليست بنار إذا أخذها بيده فلم يجد حرّها,أو كالجاهل الذي يرى البعوضة في الليل فيظنّ أنّها شيئًا فإذا أخذها عرف أنّها لا شيء,وكالجاهل الذي يرى البعوضة في ظلمة الليل فيقضي عليها بالمعاينة أنّها نار فإذا لمسها تبيّن له خطأ قضائه فيها
99,801b6604-ac8e-4dca-abce-22ae452e99be,King Should Have Investigated,وقد كنت حقيقًا أن تنظر في خطأ ابن آوى نظرًا متثبّتًا,وأنت أيّها الملك حقيق أن تنظر في حقّ ابن آوى,وقد كنت حقيقًا أن تنظر في أمر ابن آوى نظر متثبّت,وأنت أيضًا أيّها الملك حقيق أن تفكّر في أمر ابن آوى [[بحما]] بحكمك,وقد كنت حقيقًا أيّها الملك أنّك تعرف أمر ابن آوى برأيك وعقلك ونظرك وتقول ما يكون هذا أبدًا,وأنت أيّها الملك فقد كنت حقيقًا أن تنظر في أمر ابن آوى نظر تثبّت وتعرف برأيك وعلمك وحسن تمييزك وترجع إلى نفسك
100,a0c500c6-ae87-446b-b21e-4e584a8dd4fe,Jackal Eats no Meat,فتعلم أنّه إذ لم يأكل اللحم الذي كنت ربّما أمرت له بالكثير منه,,فتعلم أنّه إذ لم يكن يأكل اللحم الذي كنت ربّما أمرت له بالكثير منه,وتقول كيف وهو لا يأكل اللحم,لأنّه ما يأكل اللحم ولا يقربه,فتقول أنّى يكون هذا وكيف يكون هذا وهو لا يأكل اللحم ولا يقربه تنزّهًا عنه ورغبة في رفضه وقد تعلم أنّ الذي كنت تطعمه منه التماس إكرامه به
101,0db68aeb-ca63-4352-ae31-c67bfdfb62b4,Jackal Gave Back Meat,فكان يجعله في طعامك وطعام جندك,,فيجعله في طعامك وطعام جندك,وما ألقيت منه إليه كرهه فيجعله في خزانتي,,كان يزيده في مطبخك ويوفّره عليك في طعامك وطعام جندك
102,083b668e-541f-4bd6-9296-2005eec741c4,Accusing Jackal after Testing Him Is Absurd,,,,,,فكيف اتّهمته بعد اختبارك إيّاه ولا تتفكّر
103,a0daa9c9-e7ee-47a8-b570-7f24d2d118fe,Jackal Is Unlikely to Steal Meat,أنّه ليس بخليق لسرقة قليل من اللحم أمرته بالاحتفاظ به,لتعلم أنّه لم يكن *يتعرّض للحم استودعته إيّاه,إنّه ليس بخليق بسرقة قليل من اللحم أمرته بالاحتفاظ به,فيعمد إلى لحم أعطيته إيّاه لخاصّة نفسك وأمرته أن يحتفظ به فيذهب به إلى بيته سرًّا منّي,وأنت تعلم أنّه لم يكن ليأخذ اللحم الذي استودعته إيّاه وأمرته بالاحتفاظ به فيرسل به إلى بيته ويجحدك إيّاه,فتعلم أنّه ليس بخليق أن يتعرّض لسرقة لحم قليل استودعته إيّاه وأمرته بالاحتفاظ به فيرسله إلى بيته ثمّ يجحدك إيّاه ويتبرّأ من أن يكون موضعه
104,e87ee5ff-8ec2-4814-bcef-e78950b74990,Jackal Is Least Likely to Steal,,,,,هذا لا يكون أبدًا من غيره فكيف يكون من ابن آوى,
105,f44a2184-9d35-4800-a8d9-573fb9ba5115,King Must Investigate Now,فافحص عن أمره,,فافحص عن أمره,فافحص عن أمره,,فافحص عن أمره وبالغ في ذلك
106,eefc4062-de5f-4d2c-9903-5e6fe1554774,The Inferior always Envy the Superior,فإنّه لم يزل ذلك عادة الأرذال والأنذال حسد أهل المروءة والفضل واستثقالهم ولم يزل جهّال الناس يحسدون علماءهم ولئامهم يحسدون كرامهم وشرارهم يحسدون خيارهم,,فإنّه لم تزل عادة الأراذل والأنذال حسد أهل الفضل واستئصالهم,فإنّه لم يزل جهّال الناس يحسدون علماءهم ولئامهم يحسدون كرماءهم وشِرارهم يحسدون خيارهم ويتحيّلون لهلاكهم ويرون منافعهم *صارت إليهم,واعلمْ أيّدك الله أنّ الجهّال يحسدوا العلماء والأخيار ويوقعوا فيهم ما استطاعوا,واعلم أنّه لم يزالوا الجهّال يحادّون العلماء ولم يزالوا اللئام يحسدون الكرام والأشرار يبغضون الأخيار والجبناء يكرهون الشجعان ويتمحّلون ما استطاعوا ليوقعوهم ويرون منافعهم لهم ضارًّا لاستثقالهم للحقّ وعداوتهم لأهل الدين والعلم والمروءة والفضل
107,1ca3e27c-e5ab-4b62-82cd-cd235e6076b7,Jackal's Superiority Causes Envy,ولابن آوى مروءة وفضل,,ولابن آوى مروءة ومودّة وفضل,وإنّ ابن آوى لم يزل فاضل العلم,وابن آوى كثير العلم والحظّ من الأمانة وله دين وعقل,وإنّ ابن آوى لم يزال كثير العلم فاضل الحلم ذا حظّ من لبّ وأمانة ودين
108,0c42b7bf-1260-4883-b733-0173be36066b,Investigation Would Clear Jackal,,ولعلّ الملك إن يفحص عن ذلك يظهر له فإنّ ابن آوى *له خصماء هم الذين ائتمروا بهذا الأمر,,فلعلّ الملك لو قد فحص عنه واستبان له أنّه بريء وإنّ هذا إنّما هو مكر من أعدائه الذين ائتمروا بهذا الأمر,ولو فحصت عنه وعن أمره لبان لك براءته ممّا لُطّخ به وسعاية أهل المكر والفجور,وعسى بك إن فحصت عن أمره أن يستبين لك من برائته ممّا لطّخ به أهل المكر والجهل والفجور الذي محلوا به *وتمايلوا عليه وكانوا خصماءه
109,95c63ee0-f9eb-4954-bbc3-57b1115e4e37,Jackal Has Many Enviers,,,,,,
110,d2b5b02e-966b-4173-8c97-17900a9cf4cb,Jackal's Foes Perhaps Hid Meat,فعسى أعداؤه من أصحابك *لطفوا لموضع ذلك اللحم فجعلوه في منزله من غير علم منه,وهم الذين ذهبوا باللحم إلى بيته فوضعوه فيه,فعسى أعداؤه من أصحابك أن يكونوا لطفوا بوضع ذلك اللحم في منزله عن غير *علمه بذلك,وذهبوا به إلى منزله *فخبّؤوه فيه,فإنّهم هم الذين ذهبوا باللحم إلى بيته وخبّؤوه فيه من غير علمه,فإنّهم هم الذين ذهبوا باللحم إلى بيته *وخبّؤوه في داره بغير علمه ولا درايته ولا معرفته بذلك ولا بشيء منه
111,fddec08f-8533-4a09-aafa-5b225746c79c,Competition and Envy Are Universal,,,,,,
112,0eafd79f-f616-42d4-8a65-fa74af30ee39,Kite's Booty Attracts Competitors,فإنّ الحدأة إذا أصابت البضعة من اللحم نافسها فيها كثير من الطير,فإنّ الحدأة إذا كان في رجلها قطعة لحم اجتمع عليها سائر الطير,فإنّ الحدأة إذا أصابت البضعة من اللحم نافسها فيها الطيور,فإنّ الحدأة إذا كان في رجلها البضعة من اللحم أقبلت عليها الطير والكلاب,فإنّ الحدأة إذا كان في مخالبها لحم قاتلها الطير حتّى يزيلوه منها,فإنّ الحدأة إذا أصابت بضعة من اللحم فأخذته في مخاليبها نافسها كثير من الطير على ذلك وأقبلن عليها ينازعنها
113,cb666ec2-2d41-48f3-aba0-f3332a595ad4,Dog's Bone Attracts Competitors,والكلب إذا كان في فيه العظم تعاون عليه عدّة من الكلاب,والكلب إذا كان معه عظم اجتمعت عليه الكلاب,والكلب إذا كان في فيه عظم يعوي عليه عدوّه من الكلاب,,وكذلك الكلب إذا كان في فيه لحم فعلت الكلاب مثل ذلك,والكلب إذا كان في فيه العظم تعاوى عدّة من الكلاب حتّى يكون بينهم ما يكون
114,fa4844b8-65ec-4d22-9e4e-6a7fcbc04bd1,Schemers Pursue Only Own Benefit,وإنّ خصماء ابن آوى لم ينظروا فيما يضرك ولم يرغبوا فيه عليك إلّا لعاجل منفعة أنفسهم,,,وإنّ خصماء ابن آوى لم ينظروا في ما يضرّك ولن يستبْقَوه لعاجل منفعته أنفسهم,فأمّا الذين بغوا على ابن آوى لم يبالوا ولم يسألوا في مضرّة تدخل عليك,وإنّ أعداء ابن آوى بغوا عليه ولم يروا فيما يدخلونه عليك بسببه كي تضرّه ولم يستبْقَوه لعاجل منفعة أنفسهم
115,918283f6-8177-4af8-a147-8f532bb6b0eb,King Must Protect Himself,فانظر أنت فيما ينفعك لنفسك إن لم ينظر لك أحد ولا تمالئهم على ما يضرّك,,,فانظر أنت فيما ينفعك ولا تمالئهم فيما يضرّك,فانظره لنفسك ولا تلتفتْ إليهم لأنّ جميع الناس عامّة والملك خاصّة,فلا تنقادنّ لهم فيما تدعو أنت به الضرر إلى نفسك ولا تمالئهم عليه فانظر لنفسك ولا تلتفت إليهم فيما يشينك
116,dad9ca63-5127-48ac-8781-bb3279132196,Lack of Good Advisors Is Damaging,فإنّ أعظم الأشياء ضررًا على الناس عامّة وعلى الولاة خاصّة أمران أن يُحرموا صالح الأعوان والوزراء والإخوان <وأن> يكون وزراؤهم وإخوانهم غير ذي مروءة ولا,,فإنّ أعظم الأشياء ضرر الحسّاد وأن يُحرموا صالح الأعوان والوزراء والإخوان وأن يكون وزراؤهم وأعوانهم غير ذي مروءة ولا غناء,فإنّ خلّتين ينبغي لكلّ أحد ألّا يعدوهما ولا سيّما الملوك خاصّة فإنّها من أعظم المصائب وأنفَسها لأعمالهم ومروءاتهم معارفة أهل العلم والرفق بالعمل !ومقاربة أشرارهم الجهّال بالعلم ذوي الخرق فيه,,فإنّ أعظم الأشياء ضررًا على الناس عامّة وعلى السلطان خاصّة خلّتان ينبغي لهم أن يعدّوها من أعظم ما يكون من المصائب دخول البليّة عليهم ومفارقة أهل الصلاح والعلم والرفق بالعمل وأن يكون وزراؤهم وإخوانهم غير ذوي مروءة ولا غناء في عمل ولا في رأي غير مأمون خوفهم
117,076ce3fc-e3fa-4782-a4dd-972b36fa347f,King Must not Forsake Good People,,,,,,
118,a6e7693f-694b-40aa-86a1-c685d014f32f,Jackal does not Need Lion,غناء ولم يزل غناء ابن آوى عنك عظيمًا,,فلم يزل غناء ابن آوى عنك عظيمًا,,,ولم يزل غناء ابن آوى عنك عظيمًا
119,2688476b-1634-4263-ae40-9c06768e8e5d,Lion Benefited from Jackal,,وابن آوى كان إلى اليوم نافعًا,,وكان قرب ابن آوى منك إلى اليوم نافعًا,واعلمْ أنّ ابن آوى من أهل العلم والأدب وقُربه منك منفعة لك,وقربه منك لك نافعًا
120,8bc338ce-637e-4352-beb8-cd8243489afa,King's Kindness Is Scholar's Merit,,,,,,لأنّ العالم إذا صحب السلطان وكان السلطان محسنًا إليه كان الفضل للعالم
121,d763ecd1-86e8-4f50-8e5b-0f6a6c1ab360,Jackal Toiled for Lion,يؤثر منفعتك على هواه ويشتري راحتك بنصبه ورضاك بسخطه,وكان محتملًا لكلّ ضرر في جنب منفعة تصل إليك ولكلّ عناء يكون لك فيه راحة,يؤثر منفعتك على منفعته ويشتري راحتك بنصبه ورضاك بسخط الأصحاب,وكان محتملًا لكلّ ضرّ وصل إليه في جنب منفعة تصل إليك,,وكان مساءة أصحابك تهون عليه في مسرّتك وكان محتملًا لكلّ ضرر وصل إليه في جنب منفعتك وكان يشتري راحتك بنصبه محتملًا *للعناء في رضاك غير كاره لسخط غيرك
122,b1566cb6-6980-4c28-9e55-df1e812f55bf,Jackal Hid no Secrets from Lion,لا يطوي عنك أمرًا ولا يكتمك سرًّا ولا يرى شيئًا احتمله لك أو بذله لك عظيمًا,ولم يكن يطوي دونك سرًّا,لا يطوي عنك أمرًا ولا يكتم سرًّا ولا يرى شيئًا إلّا أحمله لك أو بذله,ولم يكن يطوى دونك سرًّا ولم يكن يرى ما شقّ عليه من قول أو فعل أو عطاء إذا فعله في مرضاتك ضرًّا ولا مكرًا,,ولم يكن يطو عنك أمرًا ولا يكتمك سرًّا ولا يرى شيئًا احتمله لك أو بذله وإن عظم عظيمًا
123,5a7077d5-f99d-4dbf-b694-46e84c684b59,Jackal Is Unmatched,,,,,ومثله في الأصحاب والوزراء لا يوجد لأنّ ما †عندك أفضل منه ولا أرجح عقل لأنّه ينفعك في كلّ الأمور فأنت تعتمد عليه في كلّ شدّة وعند كلّ أمر,
124,0f27c44b-109f-407a-adab-2a5de60a75fe,Such Advisors Are Like Family,فمن كان من الأصحاب هذه صفته فإنّما منزلته منزلة الآباء والأبناء والإخوان,,فمن كان من الأصحاب هذه صفته فإنّما منزلته منزلة الآباء والأبناء والإخوان,ومن كان كذلك من الأخلّاء فهو بمنزلة الأب والأمّ,,فمن كان من الأصحاب كذلك *وإلّا ففارقه *واستغني بغيره عنه وهذه صفته فإنّما منزلته منزلة الآباء والأبناء والإخوان
125,916fffa9-c3ce-4d59-ae0f-6312e42bcdd1,Courtier Exonerates Jackal,فبينما أمّ الأسد في كلامها إذ دخل على الأسد بعض من كان مكر بابن آوى فأطلع الأسد على أمره,فبينما أمّ الأسد تقصّ عليه هذه المقالة إذ دخل على الأسد بعض ثقاته فأخبره ببراءة ابن آوى,فبينا أمّ الأسد في كلامها إذ دخل على الأسد بعض من كان يمكر بابن آوى فأطلع الاسد [على] على أمره,فبينا أمّ الأسد تقصّ هذه المقالة على الأسد إذ دخل [بك] من مكر بابن آوى فأخبر ببراءته,قال فبينما أمّ الأسد تعظه وتعطّفه وتضرب له الأمثال وتشفع في ابن آوى إذ أتاه من أخبره ببراءة ابن آوى وأعلمه أنّه ناصح أمين وأنّه †بريء †من ما جرى عليه وما قيل فيه,فبينما أمّ الأسد في كلامها وهي تعظه إذ دخل على الأسد بعض من كان ظاهرًا على ابن آوى فأطلع الأسد على أمره وأخبره ببراءته وأعلمه أنّه كان *مبغيًّا عليه
126,c0f9590d-aabd-4862-9d05-e8e6c50a1fe4,Lion Is Convinced,,,,,,
127,21dc9255-ec60-433e-962c-1f0315cd87cd,Jackal Begins Defense,,,,,,
128,839d725e-002a-4040-9557-cba99d969cb9,Jackal Requests Investigation,,,,,,
129,292014aa-1656-4c99-b9a2-892990ffe9bd,Lion Investigates Plotters,,,,,,
130,1cfd4955-8cb9-41ee-9f81-c33fea1e6e98,Mother's Second Speech,,,,,,
131,56f5a65d-c8da-40fe-995b-3961f6a11cd4,Mother Reaffirms Intrigue,فلمّا علمت أمّ الأسد أنّ الأسد قد اطّلع على براءة ابن آوى قالت للأسد أمّا إذا اطّلعت على براءة ابن آوى وجرأة أصحابك عليه,فقالت أمّ الأسد بعد أن اطّلع الملك على براءة *ابن *آوى,,قالت للأسد أمّا إذا استبانت لك براءة ابن آوى بعد تظاهر من جندك عليه بعداوتهم ومكرهم,قال فلمّا عرفت أمّ الأسد أنّ الأسد عرف ابن آوى بما كذبوا وأنّهم حسدوه على مكانه من الأسد قالت للأسد قد صحّ عندك وتقرّر بأنّ ابن آوى مكذوب عليه,فلمّا علمت أمّ الأسد ذلك وأنّ الملك قد اطّلع على براءة ابن آوى واستبان لهم سلامته مما رقي إليه عنه قالت قد تقرّر هذا عندك من تظاهر من بغى من جندك وقد اطّلعت على براءة ابن آوى وجراءة أصحابك وتعاونهم عليه
132,20a2e97e-dee7-4fd8-999c-b35291289dc1,Lion Must not Tolerate Misdeeds,فلا ترضينّ بذلك منهم,<فهو> حقيق أن لا يرخّص لمن سعى به فيجترؤوا على ما هو أعظم من ذلك,فلا ترضى بذلك منهم,فأنت حقيق أن تقطع ما تظاهروا عليه لتنجو من الإثم وما أدخلوا عليك من مضرّة,والساعة لا ترخّصْ لهم في ذلك,فلا تسوّغ لهم ذلك ولا ترخّص لهم فيه ولا ترضينّ منهم ولا تدعنّ *تثبّت ذلك بينهم فتكون مشجّعًا لهم على أعظم منه
133,4b3a31bb-75c3-471d-b971-b7050fd32be8,Lion Must Reject Slander without Evidence,,,,,,
134,9c43e1ff-1c7e-4fbb-baa6-73943a717332,Lion Must Punish Plotters,ولا تدعنّ تشتّت <ذات> بينهم حتّى ينقطع منك الشفقة عليهم فيتّخذوك <مركبًا> فتعوّدهم الاحتمال منك وتجرّئهم على ضرّك وشينك,ولكن يعاقبهم عليه لكيلا يعودوا,ولا تدعهم حتّى تشتّت بينهم فلا يتّخذونك مركبًا فتقودهم الاحتمال على ضرّك وشينك,لئلّا يتظاهروا بعدها على أحد من قرابتك ولئلّا يتّخذوك مركبًا,وكافئهم على فعلهم لكي لا يعودوا إلى مثل ذلك,ولكن عاقبْهم حتّى تنقطع منك الشفقة عليهم فلا يتّخذوك مركبًا فتعوّدهم الاحتمال على ضرّك وشينك
135,e05337b2-8bfc-45c4-92f2-19a64054ea67,Punishment Shall Deter Further Misdeeds,,,,,,بل تقتل كلّ من تظاهر عليه بعدوان لئلّا يطمع جاهلًا ويجترئ عدوّ للدين والمملكة على مثل ذلك منك في نصحائك وأهل مودّتك ويقذفون بمثل هذا القول في صدرك فتصير منه إلى ندامة وغمّ
136,c244b483-5564-4d35-887f-0503f78ce533,Lion Must not Underestimate Wrongdoers,ولا تغترّنّ بسلطانك عليهم فيدعوك ذلك إلى استصغارهم والتهاون بأمرهم,,ولا تقتّرنّ بسلطانك عليهم فيدعوك استصغارهم إلى التهاون بهم,ولا تغترّ بسلطانك عليهم وتتّكل عليهم ولا يُغرون بمثل هذا القول في صدرك فتصير منه إلى ندامة وغمّ,ولا تتكلّمْ فتقول أنا مسلّط عليهم لا أخافهم,ولا تغترّنّ بسلطانك وتقول إنّي مسلّط عليهم فيدعوك ذلك إلى استصغارهم والتهاون بأمرهم
137,04c2f853-6267-4cf2-ab11-57bbdef86abb,People Who Are Not to Be Brought Back,,,,,,
138,6a9c6c78-59dc-4026-89c9-642f097ead2d,Grass Rope Ties Elephant,فإنّ الحشيش الضعيف إذا جُمع فُتل منه الحبل القويّ الذي يُوثق به الفيل المغتلم الشديد,,فإنّ الحشيش الضعيف إذا جُمع فُتل منه الحبل القويّ الذي يوثَق به الفيل المغتلم,فإنّ العشب كما قد رأيت في اللين والضعف قد يجتمع منه الكثير فيُصنع منه الحبل الذي يوثَق به الفيل !المتعلّم,فإن كان العشب وإن كان لا قوّة له يصنع مثل الحبل الذي يُوثق به الفيل والجمل والفرس,فإنّ العشب من الحشيش الضعيف وإن كان لا قوّة له إذا جُمع فمثل مثلًا الجبل القويّ الذي يوثَق به الفيل المغتلم الشديد
139,33b89061-c6bd-4e13-af83-743fbc9639e2,Lion Should Trust Jackal,,,,,,
140,3064aaec-a0f3-45bf-80a9-302c49a2695f,Lion Should Reinstate Jackal,فأعدْ لابن آوى منزلته وخاصّته ولا يؤيسنّك من مناصحته ما فرط إليه منك من الإساءة,,فأعدْ لابن آوى منزلته وخاصّته ولا يؤايسك من مناصحته ما فُرّط إليه منك من الإساءة فإنّه قد تُمحى الإساءة بالإحسان,فاردّ ابن آوى إلى منزلته التي كان عليها وبها من سرّك ومشورتك,فارددْ ابن آوى إلى منزلته وليكنْ صاحب مشورتك وأمينك على سرّك لأنّه قد أُوذي وكُذب عليه ولا ?ىىىعك ***,فاردد ابن آوى إلى منزلته التي كان عليها وخاصّة منك وليكن صاحب مشورتك وسرّك ولا يمنعك ما كان منك من الاستهانة وقولك قد أُوذي وقُمع فييأس وانقطع رجاؤه من أن يعيده إلى مكانه عندك
141,71a72c88-2752-474e-8d8e-a0cd66837472,Lion Should Not Fear Jackal's Grudge,,,,ولا تقلْ في نفسك قد أسأت إلى ابن آوى فلا آمن غوائله إن راجعته,,ولا تقول في نفسك إنّي قد أسأت إليه فلست آمن غوائله وتلزم قلبك اليأس من مناصحته *ومصاحبته لما فرط منك
142,461902dd-e094-4f3a-8c20-5874fc650de5,The Wronged Person Need not Be Feared,فإنّه ليس كلّ من أُسيء إليه ينبغي أن يُتخوّف غشّه وعداوته ويُؤيس من نصيحته ومودّته لكن,,,فإنّه ليس كلّ من أوذي وضغن يُخشى ضرّه وينقطع الرجاء منه ومن منفعته ولكن من عرف نفسه !عزّوه ومن عرف الأشياء وضعها مواضعها,,فإنّه ليس كلّ من أُسيء إليه وأوذي تخوّفت غائلته ولا انقطع الرجاء من منفعته ولا كلّ من عثر عليه بمكروه خيف غشّه وعداوته يُئس من نصيحته ومودّته ولكن من عرف الأشياء وضعها في مواضعها
143,9efe2b3d-258b-4ee6-bca0-67332edc8ac9,The Intelligent Must Rank People by Character,ينبغي أن يُنزّل الناس في ذلك على اختلاف ما بينهم,,,,,وقد ينبغي للعاقل أن ينزل الناس منازلهم على اختلاف ما بينهم
144,dc19e172-1284-474c-9e45-bc9517fdc786,Whom not to Reinstate,,,,فإنّ من الناس من لا ينبغي مواصلته بعد مفارقته فمن فارق من هذه الأصناف التي أنا ذاكر من الناس فلا ينبغي لهم أن يراجعهم,فإنّ الإخوان ليس أسواء لمواصلة مضرّة وبلاء وفتنة,فإنّ الإخوان ليسوا سواء فمنهم لا ينبغي مواصلته بعد مقاطعته ومعاداته ومنهم لا ينبغي معاداته بعد مواصلته
145,2e14bfe3-f7ab-420b-81ef-ee574aa8fd11,The Faithless Should Be Given Up,واحذر من الخلطاء الثمانية الكفور النعمة الغادر بما يُعهد إليه والذي لا يؤمن بيوم الحساب والثواب والعقاب,فإنّه لا ينبغي أن ... أمر الكفور الجاني الجريء على الغدر الزاهد في الآخرة والذي لا يوقن بالآخرة وأنّه أحرى بعمله,,الكفور بالحسنى الجريء على الذنوب والزاهد في الآخرة ومن لا رحمة له والذي لا يؤمن ولا يوقن بالآخرة,ومنهم الكفور الزاهد في فعل الخير ومنهم الجريء على ركوب الإثم المنزوع منه الرحمة فلا يرجو لعمله ثوابًا ولا يتخوّف على نفسه عقابًا ومنهم من لا يؤمن بالغيب والحساب,فمن لا ينبغي أن يواصله على حال فإنّه الكفور للحسنى الجريء على ارتكاب الإثم الزاهد في الخير المنزوع منه الرحمة ومن مواصلته ضرّ بلاء وفتنة ومن لا يرجو العمل ثوابًا ولا يتخوّف من عمل شيء عقابًا ولا يؤمن ببعث ولا بحساب ولا بجزاء ولا بنشور
146,c7e6d079-2490-4bf6-8b98-7cb64683f735,The Irascible Should Be Given Up,والمفرط في حرصه وهمّه وغضبه,وقد عرفتَ سرعة الغضب وفرط الهفوة,,والذي قد جرّب بسرعة الغضب وشره النفس وإفراط النفس بالشهوة,ومنهم السريع الغضب *الشره الشديد الحرص التابع لشهوته وهواه,ومنهم السريع الغضب الشره النفس القصير القامة الأجرود الأزرق العينين المفرط الشهوة الشديد الحرص التابع لهواه وشهوته
147,cfbb0667-db47-4be5-917b-296b627cc489,The Irreconcilable Should Be Given Up,ومن يسخطه اليسير بغير علّة ومن لا يرضى بشيء وإن كان كثيرًا جسيمًا وذا المكر الداهي الغامض مكرًا,ومن سخط باليسير لم يبلغ رضاه بالكثير وأنت حقيق بمراجعته بالشكر وحسن العهد وحبّ السرّ والبغض للإثم وحبّ العامّة والرحمة لهم,,ومن إذا أسخطه اليسير لم يُبلغ رضاه بالكثير والمعروف بالخيانة والخديعة والحرص,المتمادي في غيّه ومكره المعروف بالخديعة والجرأة,ومن إذا سخط لم يقدر له أحد علي رضاه والمتتابع في غيّه ومكره والمعروف بالخيانة والخديعة *والخلابة والمفرط في كلّ شيء والجائز فوق حدّه
148,5e4a8f61-558a-4164-bdd2-9bf1e8f16224,The Hedonistic Should Be Given Up,واللّهج بالزنا والخمر والسيّئ الظنّ المتلوّن المتهجّم القليل الحياء,,,والمفرط في اللعب والدناءة وشرب الخمر والذي يسيء ظنّه في كلّ شيء والمجرَّب بقلّة الحياء,ومنهم صاحب شهوة ولذّة ولعب وشرب يستحسن *كلّ ما ركبه *فالمباعدة لأولئك أفضل في العاجل,ومنهم صاحب لذّات ولهو وشرب ولعب قد قُذف عنه الحياء فاستحسن ما ارتكب فاجتناب أولئك والمباعدة عنهم غنيمة ليس فوقها وهي أفضل ما في العاجل والآجل
149,795dc3dd-e321-468a-8dd5-87078e3e61bb,Cutting off Some People Is Gain,فإنّ منهم من إذا ظُفر بقطيعته كان الرأي أن يُغتنم ذلك منه ويُمتنع من معاودته,,,,,ومنهم من إذا ظُفر بقطيعته كان الرأي أن يُغتنم ذلك ويُمتنع من معاودته
150,6ffc3ea2-047a-4028-9aef-444f61360128,Some People Should Never Be Cut Off,ومنهم من لا ينبغي تركه وقطعه على كلّ حال,,,,,
151,54ec43be-7a12-472d-a5bf-77e3becf5ae7,The Vile To Be Cut Off,فمن عُرف بالشرارة ولؤم <العهد> وقلّة الوفاء والشكر والبعد من الورع والرحمة والجحود لثواب الآخرة وعقابها والحسد وإفراط الشره والحرص والسرعة إلى سوء الظنّ والقطيعة والإبطاء عن المعاودة والمراجعة *فقطعه أحزم للرأي,,,,,فمن عُرف *بالشرارة !ولزم العهد وقلّة الوفاء والشكر والبعد من الورع والرحمة والجحود لثواب الآخرة وعقابها وإفراط الشره والحرص والسرعة إلى سوء الظنّ والقطيعة والإبطاء عن المعاودة والمراجعة فقطيعته أجزم الرأي
152,933fd531-c923-4da3-9fe3-7f893ca2e4bb,People Who Should Be Kept,ومن عُرف بالصلاح وكرم العهد والشكر والوفاء والمحبّة للناس والسلامة من الحسد والحقد والبعد من الأذى والاحتمال للأصحاب والإخوان وإن ثقلت عليه منهم المؤونة فهذا حقيق أن تُغتنم صحبته وصلته ويُمتنع من *قطيعته,,,,,ومن عُرف بالصلاح وكرم العهد والشكر والوفاء والمحبّة واحتمال الأصحاب والإخوان وإن ثقلت عليه منهم المؤنة فهذا حقيق أن تُغتنم صلته ويُمتنع من قطيعته
153,7eae70b6-fde9-4511-81a3-ef9667fa129b,Whom to Reinstate,*واعتمد من الخلطاء والأصحاب الشكور *النعمة الوفيّ العهد والكريم عند تصاريف الأمور,وأنت حقيق بمراجعته بالشكر وحسن العهد وحبّ السرّ والبغض للإثم وحبّ العامّة والرحمة لهم,,ولكنّه يواصل ويراجع من قد جرّب بالشكر وحسن العهد وحب البرّ والتوقّي للإثم وحبّ العامّة والرحمة لهم وقلّة الحقد عليهم والذاكر للبرّ والدائم ذكره لأهل ودّه والمجرَّب بالحياء وحسن †الخيم,,وقد ينبغي أن يواصل من يُعرف بالشكر فإنّه من كان شكورًا لا يُحبّ تركه قطيعته على حال من الحالات والخاصّ من الإخوان الوفيّ بالعهد المحبّ للبرّ المتوقّي للإثم المتعمّد للعامّة بالرحمة لهم وقلّة الحقد والذاكر لليد الدائم ذكره لأهل ودّه والمستحي الكريم
154,93c6291c-7e44-4ead-b8e9-b4ed1b8ed5d7,The Faithful Should Be Kept,,,,,والآجل ومنهم *** الدين وعقل ولبّ وصبر وشكر وفاء وعهد وحسن خلق ولين عريك لا يبطرهم غناء ولا يحوّلهم فقر قد استقامت طريقتهم وقد عرفوا حقّ الله عليهم فاجتنبوا *كلّ ما فيه إثم,ومنهم أهل ورع ودين وفاء ولبّ وحسن خليقة وخلق ولين عريكة لا يبطرهم غنًى ولا يقنطهم إقتار استقامت طريقتهم فَوَفوا لإخوانهم وقلّ حقدهم وعرفوا حقّ الله عليهم واجتنبوا كلّ شيء فيه الإثم لهم
155,56b8fad0-5d38-4100-ae5a-9bd069008bcc,Keeping the Virtuous Is Beneficial,,,,,أولئك إخاؤهم رشدًا ومخالفتهم غمّ ليُقتبس الخير منهم ويُلتمس ما عندهم من العلم والفضل والأدب,فصلة أولئك حقّ ومؤاخاتهم رشد ومخالطتهم غنيمة أولئك يُقتبس الخير منهم ويُلتمس من عندهم
156,a88bece0-623c-4cae-9d7a-92b0b58bb267,The Pious Should Be Kept,وذا الدين المتّقي الورع والمستريح الصدر بالخيرات والعالم الديّن المحبّ الخير للناس والرحيم القليل الحقد الصافح عن ذنوب أخلّائه المحافظ عليهم غير الناسي لودّهم والمخبَر بالعفّة والحياء,,,,,
157,55546c96-8d5a-4677-ab60-aa6fdf6f7fe0,Jackal Has Been Tested,,وقد عرفت ابن آوى وجرّبته وأنت حقيق بمواصلته,,وقد جرّبت ابن آوى وعرفته فأنت بمراجعته ومواصلته جدير,فابن آوى منهم وقد جرّبت ذلك واختبرته في رأيه وعقله زمانًا,وإنّ ابن آوى من أولئك وقد كنت جرّبت ذلك منه واختبرته من رأيه وعرفته فأنت حقيق بمراجعته ومواصلته
158,9b454eed-d7ff-4fae-b064-36a1f80bc439,Lion Apologizes to Jackal,فلمّا ظهر للأسد براءة ابن آوى ممّا قُذف به ازداد له تكرمة وبه ثقة فدعاه واعتذر إليه ممّا كان منه في أمره,فدعا الأسد بابن آوى واعتذر إليه ممّا كان منه ووعده خيرًا وقال إنّي معتذر إليك,فدعا الأسد بابن آوى فاعتذر إليه,فدعا الأسد ابن آوى عند ذلك واعتذر إليه في الذي أتى إليه,قال فلمّا سمع الأسد كلام والدته أعجبه فدعا بابن آوى واعتذر إليه ممّا كان منه,فلمّا سمع الأسد ذلك من قول أمّه دعا بابن آوى عند ذلك فاعتذر إليه ممّا كان !منع به وأمر فيه ووعده خيرًا
159,5aa44d90-2ffa-4357-99b8-712a6097b6f5,Lion Values Jackal More,وقال له إنّ الذي كان من الأمر قد زاد فيما كان من ثقتي بك ثقة وزاد ظني بك إلى ما كان من حسنه حسنًا,,,,,
160,aff3e997-c860-4d62-82d3-b5686f23d74b,Jackal Laments Mistreatment,,,,,,
161,80227e7e-b7d8-41db-8fb9-144ec52bdfe7,Lion Wants to Reinstate Jackal,فأقمْ على ما كنت عليه من أمرنا وعملنا,ورادُّك إلى منزلتك,وأخبره أنّه معيده إلى منزلته وولايته,وقال له إنّي رادّك إلى منزلتك التي كنت بها منّي ومؤتمنك على أمري بما كنت أئتمنك عليه قبل اليوم,وقال له عند ذلك الأسد إنّي معيدك إلى أفضل ما كنت عليه ومعطيك ما كنت فيه وأكثر وأجعلك على جميع الخزائن والأموال ومقدّمك على خواصّ مملكتي وجاعلك عندي في أعلى المراتب لأنّك عندي أهلًا لذلك وأنت مستحقّه فطبْ نفسًا وقرّ عينًا,وقال له إنّي أراك ومعيدك إلى منزلتك التي كنت فيها وزيادة والحالة التي كنت عليها منّي وأعطيك شيئًا أنا وأنت أهله ومؤتمنك وجاعلك من أمري ما كنت ائتمنتك عليه قبل اليوم وإنزالك عندي بأفضل المنازل
162,c7e13493-8e74-4da9-9d2e-82685320829c,Critical Friend Is Rare,,,فلمّا فرغ الأسد من كلامه قال ابن آوى الحائد بنفسه على خليله المتّبع هواه فيما يضرّه الرأي له والكاذب ممّا هو هيّن يسير فأمّا الخليل العاقل الناصح الراغب في منفعة خليله بما يعلم وإن ثقل ذلك عليه ***,فإنّ اتّخاذ المؤثر على خليله والمتّبع هوى خليله فيما يضرّه هيّن يسير وأمّا الخليل المناصح المستقبل لخليله ببعض ما يكرهه في منفعته بعزيز المطلب,,فإنّ اتّخاذ المؤثر نفسه على خليله المتّبع هوى خليله فيما يضرّه هيّن يسير فأمّا الخليل المناصح المستقبل لخليله ببعض ما يكرهه في منفعته لعزيز الطلب
163,17574aef-b07f-464c-8ef3-fb4cd14bcf0a,Forgiving Friend Is Rare,,,فقال ابن آوى إنّه مهما كان من الأصحاب محتملًا لا يستقلّ صاحبه بالإغلاظ والخلاف فيما يتخوّف عليه منه الضرر فاحتمله منه إذا استقبله به فإنّ وجود مثله عزيز,,,ومن كان من الأصحاب محتملًا لاستقبال صاحبه بالإغلاظ والخلاف فيما يتخوّف عليه منه الضرر فاحتمله إذا كان استقبله فإنّ وجود مثله عزيز
164,9c258c9b-0d6f-40fb-aeb6-d4100136be7e,Jackal's Speech,,,,,,
165,a66e79be-a472-4735-8da4-90c40dd223fd,Jackal Fears Future Plots,,,,قال ابن آوى قد علمت أيّها الملك السعيد كيف كان أوّل أمري والحال التي لها صحبت الملك وصرت إلى ما صرت إليه ولست واثقًا بمن بالباب من أهل البغي والحسد أن يرفعوا إليه ثانية شيئًا يحقّ به قولهم فتنزل بي العقوبة,,قال ابن آوى قد علمت أيّها الملك السعيد كيف كان أوّل أمري والحال التي صحبت عليها الملك وقد صرت إليه ولست واثقًا بمن يحضر الباب من أهل البغي والحسد أن يرقوا إلى الملك ثانية شيئًا يحقّق به قولهم عليّ فتنزل بي العقوبة
166,75331672-9435-43b8-8d9d-934d64d60b0f,Untrue Friends Seek Only Their Own Benefit,,فقال ابن آوى إنّ شرّ الأخلّاء من التمس منفعة نفسه بضرّ أخيه وكان أخوه غير ناظر كنظره وأرضاه بدون الحقّ وكثير ذلك ما يقع بين الأخلّاء,,,قال له ابن آوى إنّ شرّ الأخلّاء من التمس منفعة نفسه بضرّ أخيه فكان غير ناظر له وإلى مصالحه له بنظره لنفسه أو كان يريد يرضيه بخلاف الحقّ واتّباع هواه فأولئك من الإخوان المردودين,فإنّ شرّ الأخلّاء من التمس منفعة نفسه بمضرّة أخيه فإن كان غير ناظر له كنظره لنفسه أو كان يريد أن يرضيه بخلاف الحقّ واتّباع هواه فأولئك من الإخوان موجودون
167,f4fed632-19b7-4439-9f4d-ca97e9d930f3,Whom One Must Trust,,,,,وإنّما ينبغي للمرء أن يُؤمن ويؤدّي من يؤمن !سيرته ويحمد عاقبته ويكتفي برأيه ويثق بوفائه ويترك المحاولة في !معصيته ومشهده فأولئك تكون الثقة بهم والطمأنينة إليهم وكان من أمر الملك ما قد علم فلا تحدّثه *نفسه أنّي غير واثق به,وإنّما ينبغي للمرء أن يودّ من يأمنه على سريرته ويكتفي بشهادته عمّا غاب عن ويثق برأيه ووفائه والرأي من وراء !جرّته *** والمناضلة لمن هار جُرفه *والمحاماة عليه في مغيبه ومشهده فأولئك الذين يكون بهم الثقة وإليهم تكون الطمأنينة
168,4ad84180-37e9-47ce-b7a5-c7a7819c7abe,Jackal Announces Criticism,قال ابن آوى إنّي قائل لك أيّها الملك قولًا فلا يغلظنّ عليك,,,,,
169,563e3e53-28ce-46a5-abbb-f7240688c902,Lion Must Accept Refusal,,,فلا يستغلظ الملك إن أخبرته أنّه لا سبيل له إلى الثقة بي وأنّه <لا> ينبغي له استصحابي,,,فلا !يستقطعنّ الملك إن أخبرته أن لا سبيل له إلى الثقة بي وأنّه لا ينبغي له استصحابي
170,db714cc1-2a2e-455c-836c-2afbcdd90d6e,Jackal is Disappointed at Lion,فإنّ أحقّ من قبل من أهل الحجج الأحكام وإنّك إن كنت *أحدثت بي ثقة وحسن ظنّ فليس شيئًا تفضّلت به عليّ *فتعدّه من نفسك صنيعة عندي أو طَوْلًا عليّ,,,,,
171,e5964d68-69c1-499b-a82c-e44d12fed5c7,Lion Believed the Accusation,ولكن قد أحدثت بك أيّها الملك سوء ظنّ وقلّة ثقة لما ظهر لي من سرعة استماعك لأهل الكذب وإفسادك الكثير من حسن البلاء الذي لا تنكره بالقليل الحقير من القذف الذي تعرفه *وتقلّبك إليّ بالبائقة والجائحة قبل السبب والإعذار فقد صيّرتني في حدّ لا تثق بي ولا أثق بك لما صيّرت لهم عليّ من السبل,,,,,
172,20509a8d-ce8e-45a2-8370-b760c90d8918,The Mistreated Cannot Be Trusted,,,فإنّي قد أُصبت بعظيم البلاء غير مستوجب له,,,فإنّ من كان قد أصيب بعظيم من البلاء مثلي غير مستوجب له لا يُطمئنّ إلى مصاحبته
173,8348bcd2-8519-4832-ac38-dd46984ad1b5,Jackal Is Reluctant to Trust Lion Again,,وقد كان الملك أتى ما علم فلا يأخذنّ على نفسه بما أخبره به,,فلا يجدنّ الملك من قولي أنّي لا *أجد بمن ببابه ثقة,وكان من أمر الملك ما قد علم فلا تحدّثه *نفسه أنّي غير واثق به,وقد كان من الملك إليّ ما قد علم فلا يأخذنّ في نفسه إن أخبرته أنّي به غير واثق
174,20eb0833-a10d-454e-b446-c74536208d26,King Must not Trust the Wrongfully Punished ,لأنّه لا ينبغي للملك أن يثق بهذه الأصناف ممّن قد عوقب العقوبة الكبيرة عن غير جُرم أو من ناله الضرّ العظيم منهم,فإنّه لا ينبغي لي أن أصحبه فإنّ الملوك لا ينبغي لهم أن يصحبوا من عاقبوه أشدّ العقاب وإنّما ينبغي لهم أن يرفضوه,,,ولا ينبغي للملك أن يتّخذني لنفسه ولا لغيره ذلك من غير أنّه اطمأنّ إلى من عاقبه أشدّ العقوبة,وأنّه لا ينبغي له أن يتّخذني لنفسه ولا يطمئنّ إلى من عاقبته أشدّ العقوبة على أقطع الذنوب
175,c38746a5-5c76-41ea-8da8-71579b91413c,King Must not Trust the Deposed,ومن عزلوه عن ولاية وعمل كان في يديه,,*** أو كان قد أزيل عن مرتبته,,ممّن يدعه عن علمه,أو من قد نزعه عن علمه وأزاله عن مرتبته وأقصاه
176,65a518ea-e492-47d2-a191-5bce989d7ae9,King Must not Trust the Extorted,ومن سلبوه أمواله وعقاره,,أو كان قد سُلب ما له ظلمًا,,أو ممّن أخذ ماله ومن أغرمه من غير ذنب أو كان للغرامة أهلًا,أو كان قد سلب ماله ظلمًا وأغرمه في غير ذنب
177,d0babc58-1ebf-4b10-af00-517967fb62bd,King Must not Trust Someone Denied Honor,ومن كان في الثقة عندهم فأقصوه وقطعوا طمعه بغير سبب,,أو كان مقرّبًا فأقصي من غير علّة,,أو كان ممّن يتقوّى به في الأمور التي يحتاج فيها إلى مثله فلم يعرف ذلك ولم *يؤت إليه ما هو أهله,أو كان مقرّبًا للكرامة أهلًا وكان موثوقًا به في الأمور التي يُحتاج فيها إلى مثله فلم يُعرف ذلك ولم يُؤت إليه ما هو أهل وأُقصي {عن} غير عمله
178,5e066138-3d08-4538-8c4b-9d8368648b23,King Must not Trust the Unrewarded,وذي المروءة والنبل ليُنزل غير منزلته أو قُدّم عليه أكفاؤه ونظراؤه,,,,ومن عرف بحسن <الرأي> والمقدرة فعرف لذلك ثمّ لم يكافئ به,أو من {عُرف} بحسن الرأي والمقدرة والنظر والبصر فقُرّب لذلك وشوّر وسوّف ثمّ لم يكافأ به ولم يوصل عليه
179,781c3bfa-3317-4a6e-bf31-e6eb37bc6765,King Must not Trust One Singled out for Punishment,,,*** أو عقابًا فعُفي عنهم دونه أو بلغ منه ما لم يكن يبلغ منهم,,أو من كان في أناس فأنعم عليهم فاحترموه وعُوقب من بينهم ولم يفعل به في مثل ما أتي إليهم,أو من كان في أناس من نظرائه فأُنعم عليهم في ذنب اجترموه وعوقب من بينهم ولم يُفعل به مثل الذي أتي إليهم
180,a15ca115-db5d-41ba-be65-642cb36463c7,King Must not Trust One Passed Over in Favors,,,أو كان قد استحقّه في نظرائه فأُثبتوا دونه وفُضّلوا عليه,,,أو كان ممّن قد استوجب في نظرا له ثوابًا فأثيبوا دونه وفُضّلوا عليه
181,01db5d18-06d6-4a9a-aa11-ef65343c37c8,King Must not Trust Someone Denied Justice,والمظلوم الطالب للنصَفة غير المنصَف,,أو كان مظلومًا فلم يُنصف,,أو كان مظلومًا فلم ينظرْ في أمره ولا فيما ارتكب منه,أو من كان مظلومًا فلم يُنظر في أمره ولا فيما ارتُكب منه
182,58cc8da0-7b9f-4df7-b27f-377dbc676ffa,King Must not Trust the Humiliated,ومن استُقبل بما يكره في المحافل,,,,أو ممّن أُهين أو أوذي واستُحقر به من غير جرم,أو ممّن استُهزئ به وأوذي وصُغّر في مجمع الناس عن غير جرم
183,9da8fbd4-3e82-4d48-b821-fe28caa7c69d,King Must not Trust Someone Denied Pardon,والمذنب الراجي للعفو فلم يُعف عنه,,,,أو كان أذنب ذنبًا لم يستحقّ فيه العقوبة أو كان بالمنزلة التي ينبغي أن يُعفى عنه فيها ولم يفعل ذلك به,أو كان أذنب ذنبًا يسيرًا لم يستحقّ به عقوبة وكان ممّن ينبغي له أن يُعفى عنه لها فلم يُفعل ذلك به
184,29dd3203-8d91-4152-b9f9-b020d3cd8e31,King Must not Trust the Greedy and Unsatisfied,وذي الحرص القليل القنوع,,أو معروفًا بإفراط الحرص والشره,,أو كان من أهل الطمع والشره ولم يصبْ بعض ما يرجوه ولا ما يوافقه,أو كان *معروفًا بإفراط الحرص والشره والطمع فلم يصبْ بعض سائر !أفقه
185,b1dd93f4-9071-43bd-8cc3-b401673e8d72,Kind Must not Trust the Adversarial,ومن يرجو المنفعة والصلاح بمضرّة السلطان,,أو كان يرى في منفعة السلطان له ضرًّا,,,أو كان ممّن يرى في منفعة السلطان ضرًّا وفي ضرّه له نفعًا
186,904ee778-7ff8-413f-8e47-9a2abd6fe5d4,King Must Consider the Untrustworthy as Foes,فهذه الأصناف أعداء الملك وأعدائي,,كلّ هؤلاء السلطان حقيق أن <لا> يسترسل إليهم ولا يثق بهم فإنّ كلّ هؤلاء حقيق أن لا يكونوا معه على عدوّه,,فأولئك الأصناف أهل أن لا يتّخذهم ملك ولا يقرّبهم,كلّ هؤلاء *الأصناف السلطان حقيق أن لا يسترسل إليهم ولا يثق بهم الملك ولا يستريح إليهم فإنّ كلّ هؤلاء *الأصناف حقيق أن يكونوا عليه مع عدوّه
187,b00c791e-8480-4b65-bc88-9c1b89af1969,Lion's Foes Were Able to Attack Jackal,وقد صار لهم السبيل إليّ والاستخفاف بي والجرأة عليّ,,,,,
188,9da8f918-2809-4c0e-80cd-50e50e9367fb,Jackal Was Accused despite His Loyalty,,,وقد صرت اليوم في ?نرادي الرأي عرضًا لأعداء الملك وليس ما أنا عليه للملك من المودّة والنصيحة بمانع الملك من اتّهامي وسوء الظنّ لما سبق منه وليس ما أُظهر له من مودّتي ونصيحتي مراقبة منزلتي من غير نيّة منّي في ذلك,,,وقد صرت اليوم في بادي <الرأي> عرضًا لأعداء الملك وليس ما أنا عليه للملك من النصيحة والمودّة بمانع للملك من اتّهامي وسوء الظنّ بي لأنّي قد نُزّلت منزلة من كان ?قايد عدوّ للملك وعونه على ابنه ووزيره على رأيه لما قد سبق منه فأنا وإن كان قلبي له سليمًا على مثل الذي كان عليه فيما مضى وليس ما أُظهر له من مودّتي ونصيحتي مراقبته منّي له من غير نيّة منّي في ذلك
189,069aecb1-184d-4704-893d-3f8b22ce7a73,Lion Deserves Harangue for Bad Judgment,قال الأسد ما أحسن كلامك وأغلظه قال ابن آوى أيّها الملك لا يغلظنّ عليك ولا يَخْشُن الحقّ والصدق إن خفّ عليك الكذب والباطل ممّا حملت به عليّ ولا تحملنّ جوابي لك على الغلظة في محاورتي إيّاك <وعلى> سفه رأي وقلّة بصر بما أقول,,,,,
190,fb333a15-358c-4e96-99aa-1df5174eccb3,Jackal Justifies Harangue,ولكن قد قلت ذلك لخصلتين منهما أنّ في القصاص تسلية الضغائن وإطلاقًا لمنعقد الحقد وأحببت أن أخرج ما في نفسي ممّا وترتني به ليسلم لك صدري من الضغن ولتخلص لك منه سلامة العتب ومنهما أنّي أحببت أن تكون أنت الحاكم على نفسك وألّا أكون أنا الحاكم عليك مع أنّي لم *أجترئ على هذه المقالة حتّى استعهدتك من نفسك,,,,,
191,cd0078f5-1990-437d-919d-7679f42a8d28,Jackal Credits King's Mother,قال الأسد أولم أحسن التثبّت في ?أمرك قال ابن آوى إنّما كان التثبّت من أمّ الملك وكان التعجيل بقتلي من قِبَلك أيّها الملك,,,,,
192,901dd5f7-70e0-46f6-9ea9-e7ba95d34ec0,Lion Expects Credit for Admitting Error,قال الأسد ألم تزعم أن التجاوز عن إساءة العمد أفضل ما يكون من ?الإحسان فكيف لا يكون ذلك لأهل الخروج عن الخطأ على الكَرْه إلى الإحسان على ?علم,,,,,
193,35899c9b-7d3a-49e5-adb0-5cf754ccdbf3,Jackal Fears a Vulnerable Relationship with Lion,قال ابن آوى إن لم أقل ما قلت لأوقف الملك على إساءة في أمري ولا على الخطأ في أمره وحكمه في شأني ولكنّي أيضًا قد تخوّفت موضعًا حدث لأهل المكر يجدون به فيما بيني وبينك مدخلًا,,,,,
194,2a88d3eb-9ba6-475f-bd2d-2092e0c26071,Jackal Fears Accusation of Holding Grudge,قال الأسد وما ذاك ?الموضع قال يُقال لك أيّها الملك قد دخلتْ قلب ابن آوى عليك ضغينة فيما أدخلت عليه من التهمة والوحشة وما *أشربت به قلبه من الإشراف على الهلكة فقال كذا وكذا,,,,,
195,2bac04e4-ebe8-4b01-8f7b-606db06be372,Kings Expect Grudges from the Mistreated,وهذا سبب مظنون بالملوك بمن أصابته منهم عقوبة أو جفوة أو تغيّر منزلة أو عزل عن سلطان أو *أُوثر لغيره عليه ممّن هو دونه في المنزلة والحال,,,,,
196,37216cec-a40c-4af4-993a-f7e4f126f549,Jackal Expects Lion's Mistrust,,,قال *للملك وإن كان قلبه على ما هو عليه من المودّة والنصيحة إذ لم يطّلع على ذات نفسي خليق أن يقول ويقع في نفسه لعلّ ابن آوى أن يحقد على ما كان منّي ويبتغي عليّ القوائل,,قال ابن آوى وأنا أيّها الملك قد نزلت منزلة أولئك وإن كان قلبي سليمًا على مثل الذي كان عليه فلعلّه أن لا يكون يعلم ?بدات ولا ?بتوني ولا يطمئنّ إليّ أو يقول إنّ ابن آوى ما ينسى ما لقيه من الهوان وإنّ الذي يظهر لي منه ليس بحقيقة,فلعلّه أن لا يكون يعلم ذات نفسي فلا يثق بي ولا يطمئنّ إليّ أو يقول أن يجيبني ابن آوى بعد الذي لقي منّي من الهوان وإنّ الذي يظهر لي ليس بحقيقة ما هو عليه وإنّما هو شيء يتصنّع به وليس يجد من ذلك بدًّا
197,8c6fc42b-be4f-4f95-88fa-50e299dfa9ef,Jackal Expects Follow Up Schemes,,,ولست مع ذلك آمنًا من عداوة أعدائي بتحميل الملك عليّ بالكذب والباطل إشفاقًا من مكافأتي لهم وحرصًا أن لا يستحقّ عند الملك كذبهم عليّ,,,ولست مع ذلك آمنًا من عودة من مَحَل بي عنده من أعدائي أن يحمّلوا الملك ثانية عليّ بالكذب والباطل ويوطئوه من أمري *عشوة إشفاقًا من مكافأتي لهنّ وحرصًا على أن لا يستحقّ عنه الملك كذبهم فيما حمّلوه به عليّ
198,7e3cd403-450c-43ec-afa4-f65e85882b2a,Jackal's Inner Struggle about Return,,,,,فلو ذهبت أحمل نفسي على غير ما تيقّنت من ذلك أو ظاهرها على الثقة والطمأنينة إليه بعد الذي كان منه إليّ على غير جرم منّي إنّه عائد إلى مثل ذلك بعد الأيمان المؤكّدة والأمان على ذلك,وقد كان من إظنانه إيّاي ما قد علمت حتّى بلغ ما بلغ فلو ذهبت أحمل على نفسي غير ما تيقّنت من ذلك وإقهارها على الثقة به والطمأنينة إليه بعد الذي كان منه إليّ في غير كنهه أو حدّثتها أنّه عائد إلى الذي كان لي عليه في الائتمان والاستراحة لم تشايعني على ذلك وكانت قد رأت منه ما هي معذورة بالشكّ فيه وقلّة الثقة به
199,6491b5f5-736b-4b08-8015-754b0840e758,Lion Must Accept Jackal's Mistrust of Courtiers,,,,,,فلا يجدنّ الملك عليّ من قولي أنّ نفسي غير مطمئنّة لما سبق إليها وأنّي غير واثق بمن ببابه
200,15ff6cf9-22ab-492f-8913-fa7bfba99a17,Jackal Fears Renewed Schemes,,,,,وإنّما خوفي تحمّلوه عليّ مرّة ثانية وقد كان من ظنّه بأمري ما قد علمه,
201,8e7c77f3-7e24-4dae-8743-0f218b39e4fa,Jackal Fears Lion's Renewed Wavering,,,,فإنّي اليوم بالمنزلة التي كنت عدوًّا للملك فالملك وإن كان أراد قتلي على ما كنت عليه من النصيحة إذا لم تطّلع على ذات نفسي ثمّ تفضّل عليّ بالعفو وصرّح عذري له فإنّي خائف لا يعرض في قلبك أنّي مصطنع لما كان منك في أمري فيحملك ذلك على إهلاكي,,فإنّهم لم يتركوا قصدي وتعمّدي بمثل ما يتعمّد به عدوّ الملك وإن كان أراد قتلي على ما كنت عليه من النصيحة له بعد أن ظهرت إذ لم يطّلع على ذات نفسي ثمّ تفضّل عليّ بالعفو بعد وضوح عذري له فإنّي خائف أن يعرض في قلبك إلى ?مصطفن لما كان منك في أمري فيحملك ذلك على إهلاكي
202,f16fe9b6-8d5b-450a-99ed-576bef54aef0,Schemers Will Attempt to Cover Up Their Plot,,,,مع أنّ أعدائي سيقولون إنّا لا ندع إذ لم نستطعْ بلوغ حاجتنا من ابن آوى وأن نحتال له لئلّا يرى الملك أنّ الذي رفعنا إليه في أمره كان كذبًا فيبغوني الغوائل فلو أنّ قلب الملك عاد بي إلى ما كنت عليه قبل اليوم إنّي لكما كنت,,مع أنّ أعدائي سيقولون إنّا لا ندع إذ لم *نستطيع بلوغًا في ابن آوى أن *نحتال له عودًا على بدء لئلّا يرى الملك أنّ الذي رفعنا إليه في أمره كان كذبًا فيسبقوني *الغوائل
203,71571fdc-756d-492c-99f6-258b65f0c8ce,Jackal Fears Lion's Gullibility,,,فإذا فعلوا ذلك لم يحتاجوا في قبول الملك ذلك منهم إلى عون أقوى من هذه التهمة التي وقعت في نفس الملك مع أنّ الملك لو كان في الثقة بي وقلّة الاتّهام لي على ما كان عليه ما كان ذلك مُغنيًا عنّي فلمّا وجدت بدًّا من تخوّف تهمته لنصحي وسوء ظنّه فيّ وسرعته إلى تصديق فيما يحملونه به عليّ لما أتذكّر من عجلته التي كانت إليّ,,,فإذا فعلوا ذلك لم يحتاجوا في قبول الملك ذلك منهم إلى عون أقوى من هذه التهمة التي وقعت فيها في نفس الملك مع أنّ الملك لو كان في الثقة وقلّة الاتّهام لي على ما كان عليه ما كان ذلك عنّي مغنيًا ولما وجدت بدًّا من تخوّف همّته ولو عاد قلبه لي إلى ما كان عليه لشككت في ذلك لفضيحتي وسوء ظنّه بي وسرعته إلى تصديق أعدائي فيما يحملونه عليّ لما أتذكر من عجلته كانت إليّ فإذا
204,9b7e7661-1780-4fc4-b90f-52773d70db9b,Jackal Gives Lion the Choice,,,فإذا كانت لي حال الملك في الثقة بي على ما وصفت فلينظر وجه ما *يريدني عليه من صحبته,,فلينظر الملك فيما ذكره,كانت حال الملك في الثقة بي وحالي في الثقة به على ما وصفت فلينظر وجه ما يريدني عليه من صحبته
205,313c5218-8f88-46e4-a35a-46530d089ba8,Jackal Gives Conditions for Return,,,,,فإنّ الملك وإن كان لي عليه فيما مضى من الطمأنينة والنصح ولا يصدّق عليّ كلام الأعداء ولا يقبل فيّ قول الفجرة فليرى الملك رأيه في ذلك فإنّه عند حسن ظنّي به وأملي فيه,فإن كان الملك يجعل لي على نفسه إن هو ردّني إلى منزلتي التي كنت بها منه أن يعود إلى الذي كان لي عليه فيما مضى من الطمأنينة إلى ما قبلي والانتصاح لي وأن لا يصدّق عليّ أقاويل الأعادي المَحَلة الفجرة فليرى في ذلك رأيه فإنّي عند حسن ظنّه بي وأمله فيّ
206,05e83568-d203-4ef2-a5ad-1e7d9729a6c5,Jackal Renounces Lion's Service,,,,,,
207,657e8c8f-7f04-4c70-8733-62711be8cc5f,"If Unsure, Lion Must Excuse Jackal",,,,,وإن كان الملك يخاف نفسه منّي أو كان غير واثق إليّ فإعفاؤه عنّي أفضل لي وإعادتي إلى ما كنت عليه من قبل,وإن كان يتخوّف نفسه عليّ أو كان غير واثق بي فإعفاؤه إيّاي أفضل لي وخير له خاصّة
208,1fca52ef-077c-4cb8-bd41-e8f2a2c4b8af,Lion Says He Tested Jackal,,,قال الأسد إنّي قد بُلوت طبائعك وأخلاقك,قال الأسد قد جرّبتك,قال الأسد قد بلوتك وجرّبت أمانتك وصدقك ووفاءك وعلمت كذب من سعى بك,قال الأسد إنّي [لو] بلوت طبائعك وأخلاقك وجرّبت أمانتك ووفاءك وصدقك وعرفت كذب من محل بك
209,f23b1065-c324-453d-a380-dfaf260ac567,Lion Confirms Jackal's Status,فإنّا منزّلوك منزلة الكرام الأخيار,,فرأيتها طبائع الكرماء الأخيار,وأنت عندي بأفضل منازل الأبرار والصالحين,,فمنزلتك في نفسي منزلة الأبرار الكرماء الصالحين الأخيار
210,99bc2497-b0f9-495b-8c4f-043c78a1ad05,Lion Vows to Disregard Future Slander,قال الأسد إنّك لست ممّن يُصدّق عليه بالقبيح وقد عرفتك بالأثر الحسن وإنّك عندنا ممّن تشكر الحسنة وتحتمل السيّئة وتذكر جميع ما أُبلي فلا يعرض بك تخوّف *لقبولي فيك قبيحًا ليأتي به آت ولا !يستوطنك ما حسُن ظنّنا فيك وأقمْ على ما ولّيناك من أمرنا,,,,ولست مصدّقًا عليك قولًا أبدًا مع ما أنّ نفسي تحدّثني بإكرامك وإلطافك والإحسان إليك حتّى تنسى ذلك فلا تدخلْ على نفسك منّي خوفًا ولا رعبًا أبدًا,وليست ?مصطيعًا عليك ولا قائًلا قول أحد فيك <حتّى> يستبين ذلك لك وللجند ويعرفوا منزلتك منّي وخاصّتك عندي وتثق بي وتطمئنّ إليّ
211,9e211484-abf3-4620-aaca-c15cf48a75b7,The Noble Forgives Misdeeds for One Good Deed,والكريم تنسيه الخلّة الواحدة من الإحسان ألف خلّة من الإساءة,,والكريم تنسيه الخلّة الواحدة من الإحسان ألف إساءة واللئيم بضدّ ذلك,فإنّ الرجل الصالح يغفر ألف سيّئة بحسنة واحدة,,فإنّ الرجل الكريم الصالح !تنبه الخلّة الواحدة من الإحسان ويغفر له ألف خلّة من الإساءة واللئيم !تنبه الخلّة الواحدة من الإساءة ألف خلّة من الإحسان ثمّ ترسخ في قلبه فلا تزايله أو يظفر بطلبته منها أو يهلك
212,dea20bf0-65d7-4f66-aabb-e215704db6cb,Lion Repents and Reconciles Jackal,,,,وأنا المسيء إليك وقد استقرّ عندي ظلم أعدائك لك وأنت حقيق بأن تغفر لي ذنبي لسالف إحساني إليك ويكون كلّ واحد منّا لصاحبه فيما يستقبل أثبت مودّة وأوثق نصيحة ممّا كنّا عليه,,وأنت حقيق أن تغفر ذنبي لسالف إحساني إليك ويكون كلّ واحد منّا لصاحبه فيما يستقبل أثبت مودّة وأوثق نصيحة ممّا كنّا عليه
213,116ad104-297b-4c9a-a71d-ed7d13d4c9c8,Lion Keeps His Promise,,,,,قال ثمّ فعل الأسد ذلك ذلّة ووفاء له بجميع ما ذكره وانتفع بذلك منه وصلح وحسن حاله,
214,cf01c31b-2e5c-4ffa-a62a-86b65ff6b232,Lion Hopes for Renewed Mutual Trust,,,وأنا واثق بك وذاكر ما سلف من إحسانك فذكر جميع ما كان عليه ابن آوى من مودّة الأسد,,,وأنا واثق أنّه *سينسيك ما سلف من إحساننا إليك *وما يتجدّد لك من إكرامنا وعندنا من الكرامة لك والبذل ما بدر من ما فرط منّا في أمرك وقد عدنا للثقة بك فعُدْ أنت للثقة بنا وبما قبلنا فإنّه كائن لك غبطة وسرور
215,6a004fd3-654e-4ee2-9fab-fd9ab840970a,Jackal Quits,,,وأنا منصرف إلى البرّيّة والتخلّي وما لم أزلْ عليه ففارق الأسد على حسن صفح منه عنه *ومعرفة ببراءته وعقله ومودّته,,,
216,b29723e2-45b1-454d-a255-4f964541e921,Jackal Insists on Refusal,,,,,,
217,bd1fc1e4-040f-45ee-a4aa-c25430308d6d,Lion Reinstates Jackal,,فلم يلتفتْ الأسد إلى كلامه وأمر بابن آوى أن يُردّ إلى منزلته,,ثمّ أمر ابن آوى أن يرجع إلى منزلته التي كان عليها وعمله الذي كان يلي فرجع وأصاب من الأسد ما أحبّ,,ثمّ أمر ابن آوى أن يرجع إلى منزلته التي كانت عليها وعمله الذي كان يلي من {أمر} الأسد فرجع فأصاب من الأسد ما أحبّ
218,fa5c6c2d-7060-42c1-8918-4ee988e3b844,Lion Punishes Schemers,,,,وحفظ الأسد أولئك الذين بغوا عليه فنفاهم وأقصاهم وقتلهم,,وحفظ الأسد معرفة الذين بغوا عليه فبغى عليهم في المستقبل وقتلهم
219,bcf4a541-35a8-4df4-ab3e-faa4d9c39154,Lion Is Pleased with Jackal,وأضعف له الملك الكرامة وازداد به ثقة وإليه تفويضًا وبه اغتباطًا حتّى هلك,ولم تزدْه الأيّام إلّا تقرّبًا,,,,ولم تزلْ الأيّام تزيد ابن آوى سرورًا وتحدث للأسد بابن آوى انتفاعًا واحتياطًا حتّى هلك
220,85ac16fe-348c-4c9a-accd-6ae23adeb21a,Gist Mistreated Is Reinstated,,,,فهذا مثل الملوك فيما بينهم وبين قرابتهم وزراءهم في مراجعتهم بعد العقوبة,,فهذا مثل الملوك ***
221,60c4d44c-704c-492d-be26-6957d0a44109,Philosopher Comments,,,,,ثمّ قال الفيلسوف للملك إذا كان الأسد ينظر إلى مراجعة وزيره ويطلب ذلك ويرغب فيه وكان وزيره مجيبه إلى ذلك ويعرف حظّه منه بعد الذي كان منه إليه وما قد أشرف عليه من الهلاك والتلاف,ثمّ قال الفيلسوف فإذا كان الأسد ينظر في مراجعة وزيره ونصيحته ويطلب ذلك منه ويرغب فيه وكان وزيره يجيبه إلى ذلك ويعرف حظّه فيه بعد ما سلف منه إليه
222,334f3b54-ce7b-44e0-8b0e-733d1a0e1dce,People Should Learn from Parable,,,,,فالملك وخاصّته أحرى أن يأخذوا في ذلك ما يرون أنّه يزيّن لنورهم ويقودهم إلى الرشد وإلى الحقّ والتوفيق والخير والسعادة الدائمة في الدنيا والآخرة,فالملك وأهل خاصّته جدراء أن يأخذوا من ذلك بما يزيّن أمورهم ويكون فيه الرشد لهم والحظّ وعظم التوفيق للخير وكلّ شيء قصدوه يتمّ لهم إن شاء الله تعالى
223,7b36eb2e-2535-44b2-a3a5-0d25772415e5,End of Chapter,,انقضى باب الأسد وابن آوى,,تمّ الباب وكمل إن شاء الله تعالى,وهذا آخر باب الأسد وابن آوى,*تمّ وكمل باب الأسد وابن آوى الناسك واسمه السفهير الصوّام والحمد لله وحده